-- phpMyAdmin SQL Dump
-- version 5.1.1
-- https://www.phpmyadmin.net/
--
-- Máy chủ: 127.0.0.1
-- Thời gian đã tạo: Th10 28, 2022 lúc 03:25 AM
-- Phiên bản máy phục vụ: 10.4.21-MariaDB
-- Phiên bản PHP: 8.0.11

SET SQL_MODE = "NO_AUTO_VALUE_ON_ZERO";
START TRANSACTION;
SET time_zone = "+00:00";


/*!40101 SET @OLD_CHARACTER_SET_CLIENT=@@CHARACTER_SET_CLIENT */;
/*!40101 SET @OLD_CHARACTER_SET_RESULTS=@@CHARACTER_SET_RESULTS */;
/*!40101 SET @OLD_COLLATION_CONNECTION=@@COLLATION_CONNECTION */;
/*!40101 SET NAMES utf8mb4 */;

--
-- Cơ sở dữ liệu: `php0722_apple123`
--

-- --------------------------------------------------------

--
-- Cấu trúc bảng cho bảng `accounts`
--

CREATE TABLE `accounts` (
  `name` varchar(256) COLLATE utf8mb4_unicode_ci NOT NULL,
  `username` varchar(40) COLLATE utf8mb4_unicode_ci NOT NULL,
  `password` varchar(256) COLLATE utf8mb4_unicode_ci NOT NULL,
  `email` varchar(256) COLLATE utf8mb4_unicode_ci NOT NULL,
  `phone` varchar(10) COLLATE utf8mb4_unicode_ci NOT NULL,
  `address` varchar(256) COLLATE utf8mb4_unicode_ci NOT NULL,
  `create_at` timestamp NOT NULL DEFAULT current_timestamp() ON UPDATE current_timestamp()
) ENGINE=InnoDB DEFAULT CHARSET=utf8mb4 COLLATE=utf8mb4_unicode_ci;

--
-- Đang đổ dữ liệu cho bảng `accounts`
--

INSERT INTO `accounts` (`name`, `username`, `password`, `email`, `phone`, `address`, `create_at`) VALUES
('tưởng thảo', 'mid0203', 'e10adc3949ba59abbe56e057f20f883e', 'mid0203@gmail.com', '0965969085', 'hà nội', '2022-10-25 05:31:34'),
('văn nguyễn ', 'Vannguyenn99', 'e10adc3949ba59abbe56e057f20f883e', 'vannguyenn2809@gmail.com', '0965969085', 'hà nội', '2022-10-25 05:31:34');

-- --------------------------------------------------------

--
-- Cấu trúc bảng cho bảng `admin_system`
--

CREATE TABLE `admin_system` (
  `username_admin` varchar(20) COLLATE utf8mb4_unicode_ci NOT NULL,
  `password_admin` varchar(256) COLLATE utf8mb4_unicode_ci NOT NULL,
  `name` varchar(256) COLLATE utf8mb4_unicode_ci NOT NULL
) ENGINE=InnoDB DEFAULT CHARSET=utf8mb4 COLLATE=utf8mb4_unicode_ci;

--
-- Đang đổ dữ liệu cho bảng `admin_system`
--

INSERT INTO `admin_system` (`username_admin`, `password_admin`, `name`) VALUES
('admin', 'admin', 'admin'),
('admintesst', 'admintesst', 'qq'),
('qqqqqqqqqq', 'qqqqqqqqqq', 'qqqqqqqqqq'),
('qqqqqqqqqq1', 'qqqqqqqqqq', 'qq');

-- --------------------------------------------------------

--
-- Cấu trúc bảng cho bảng `bang_hieu`
--

CREATE TABLE `bang_hieu` (
  `id` int(10) NOT NULL,
  `anh` varchar(256) COLLATE utf8mb4_unicode_ci NOT NULL
) ENGINE=InnoDB DEFAULT CHARSET=utf8mb4 COLLATE=utf8mb4_unicode_ci;

-- --------------------------------------------------------

--
-- Cấu trúc bảng cho bảng `chi_tiet_don_hang`
--

CREATE TABLE `chi_tiet_don_hang` (
  `idCT` int(11) NOT NULL,
  `ma_don_hang` varchar(20) COLLATE utf8mb4_unicode_ci NOT NULL,
  `ma_san_pham` varchar(10) COLLATE utf8mb4_unicode_ci NOT NULL,
  `ten_san_pham` varchar(40) COLLATE utf8mb4_unicode_ci NOT NULL,
  `so_luong` int(5) NOT NULL,
  `gia` varchar(20) COLLATE utf8mb4_unicode_ci NOT NULL,
  `thanh_tien` varchar(15) COLLATE utf8mb4_unicode_ci NOT NULL,
  `create_at` timestamp NOT NULL DEFAULT current_timestamp() ON UPDATE current_timestamp()
) ENGINE=InnoDB DEFAULT CHARSET=utf8mb4 COLLATE=utf8mb4_unicode_ci;

--
-- Đang đổ dữ liệu cho bảng `chi_tiet_don_hang`
--

INSERT INTO `chi_tiet_don_hang` (`idCT`, `ma_don_hang`, `ma_san_pham`, `ten_san_pham`, `so_luong`, `gia`, `thanh_tien`, `create_at`) VALUES
(12, '08112022-1413', 'SP001', 'Iphone 14 Pro Max ', 1, '30000000', '30000000', '2022-11-08 07:13:24'),
(13, '08112022-1414', 'SP003', 'xiaomi mi 12 pro max', 1, '10000000', '10000000', '2022-11-08 07:14:22'),
(14, '08112022-1414', 'SP007', 'Nokia G11 Plus', 1, '9000000', '9000000', '2022-11-08 07:14:22'),
(15, '08112022-1533', 'SP004', 'samsung s22 ultra', 1, '23000000', '23000000', '2022-11-08 08:33:40'),
(16, '09112022-0815', 'SP005', 'Samsung Galaxy S21 Ultra 5G ', 2, '20000000', '40000000', '2022-11-09 01:15:06'),
(17, '09112022-0815', 'SP001', 'Iphone 14 Pro Max ', 1, '30000000', '30000000', '2022-11-09 01:15:06'),
(20, '09112022-1536', 'SP019', ' Samsung Galaxy Z Flip4 5G', 1, '23000000', '23000000', '2022-11-09 08:36:29'),
(21, '18112022-1421', 'SP001', 'Iphone 14 Pro Max ', 5, '30000000', '150000000', '2022-11-18 07:21:35'),
(22, '18112022-1439', 'SP016', 'VIVO V25E', 4, '8490000', '33960000', '2022-11-18 07:39:05'),
(23, '18112022-1440', 'SP004', 'samsung s22 ultra', 3, '23000000', '69000000', '2022-11-18 07:40:32'),
(24, '18112022-1538', 'SP006', 'Xiaomi Redmi Note 11', 6, '5290000', '31740000', '2022-11-18 08:38:56'),
(25, '18112022-1548', 'SP009', 'Oppo A93', 6, '9000000', '54000000', '2022-11-18 08:48:51'),
(26, '20112022-2118', 'SP003', 'xiaomi mi 12 pro max', 5, '10000000', '50000000', '2022-11-20 14:18:23'),
(27, '20112022-2119', 'SP022', 'iPhone 12', 8, '16500000', '132000000', '2022-11-20 14:19:11'),
(28, '20112022-2120', 'SP014', 'Samsung Galaxy A23 6GB', 5, '6190000', '30950000', '2022-11-20 14:20:18'),
(30, '22112022-1623', 'SP016', 'VIVO V25E', 1, '8490000', '8490000', '2022-11-22 09:23:55'),
(31, '22112022-1623', 'SP006', 'Xiaomi Redmi Note 11', 1, '5290000', '5290000', '2022-11-22 09:23:55'),
(32, '22112022-1623', 'SP022', 'iPhone 12', 1, '16500000', '16500000', '2022-11-22 09:23:55'),
(33, '22112022-1623', 'SP015', 'Samsung Galaxy A33 5G 6GB', 1, '7290000', '7290000', '2022-11-22 09:23:55');

-- --------------------------------------------------------

--
-- Cấu trúc bảng cho bảng `don_hang`
--

CREATE TABLE `don_hang` (
  `ma_don_hang` varchar(20) COLLATE utf8mb4_unicode_ci NOT NULL,
  `ten_nguoi_dat` varchar(40) COLLATE utf8mb4_unicode_ci NOT NULL,
  `email_nguoi_nhan` varchar(40) COLLATE utf8mb4_unicode_ci NOT NULL,
  `sdt_nguoi_nhan` varchar(11) COLLATE utf8mb4_unicode_ci NOT NULL,
  `dc_nguoi_nhan` varchar(40) COLLATE utf8mb4_unicode_ci NOT NULL,
  `ghi_chu` text COLLATE utf8mb4_unicode_ci NOT NULL,
  `phuong_thuc` varchar(20) COLLATE utf8mb4_unicode_ci NOT NULL,
  `tong` varchar(20) COLLATE utf8mb4_unicode_ci NOT NULL,
  `trang_thai` varchar(15) COLLATE utf8mb4_unicode_ci NOT NULL,
  `create_at` timestamp NOT NULL DEFAULT current_timestamp() ON UPDATE current_timestamp()
) ENGINE=InnoDB DEFAULT CHARSET=utf8mb4 COLLATE=utf8mb4_unicode_ci;

--
-- Đang đổ dữ liệu cho bảng `don_hang`
--

INSERT INTO `don_hang` (`ma_don_hang`, `ten_nguoi_dat`, `email_nguoi_nhan`, `sdt_nguoi_nhan`, `dc_nguoi_nhan`, `ghi_chu`, `phuong_thuc`, `tong`, `trang_thai`, `create_at`) VALUES
('08112022-1410', 'qưe', 'vannguyenn2809@gmail.com', '213213', '12321', '3213213', 'COD', '30000000', 'đã xử lý', '2022-11-09 08:29:49'),
('08112022-1413', 'qưe', 'vannguyenn2809@gmail.com', '213213', '12321', '3213213', 'COD', '30000000', 'đã xử lý', '2022-11-09 08:29:49'),
('08112022-1414', 'Nguyễn Hoa Văn', 'mid0203@gmail.com', '3123213', 'tổ 4 - phú lãm -hà đông - hà nội', '123', 'COD', '19000000', 'đã xử lý', '2022-11-09 08:29:49'),
('08112022-1533', 'mid', 'mid0203@gmail.com', '0528448515', 'hà nội ', 'chuyển nhanh', 'COD', '23000000', 'đã xử lý', '2022-11-09 08:29:49'),
('09112022-0815', 'mimosa', 'mid0203@gmail.com', '0528448515', 'hà nội ', 'ship trong ngày', 'COD', '70000000', 'chờ xử lý', '2022-11-09 08:29:59'),
('09112022-1536', 'tưởng vân', 'van123@gmail.com', '0123456789', 'hải dương', 'hoả tốc pls', 'Trực Tuyến', '23000000', 'đã xử lý', '2022-11-13 03:12:56'),
('18112022-1421', 'nguyễn văn', 'vannguyen1999@gmail.com', '28091999', 'hà nội', 'ship nhanh', 'Trực Tuyến', '150000000', 'đã xử lý', '2022-11-18 07:23:11'),
('18112022-1439', 'mít', 'mid0203@gmail.com', '123456789', 'hà nội ', 'k', 'Trực Tuyến', '33960000', 'chờ xử lý', '2022-11-18 07:39:05'),
('18112022-1440', 'qưeqw', 'kajaxob312@teasya.com', '213213', '213213', '213213', 'COD', '69000000', 'đã xử lý', '2022-11-20 14:31:10'),
('18112022-1538', 'dũng bùi', 'da@gmail.com', '123456789', 'hà nội', '', 'Trực Tuyến', '31740000', 'đã xử lý', '2022-11-20 14:31:07'),
('18112022-1548', 'thảo', 'thao@gmail.com', '0921321321', '', '', 'COD', '54000000', 'đã xử lý', '2022-11-21 13:39:25'),
('20112022-2118', 'nguyễn minh hiếu', 'hieu@gmail.com', '05236598548', 'hà nội', '', 'Trực Tuyến', '50000000', 'đã xử lý', '2022-11-20 14:31:03'),
('20112022-2119', 'messi', 'messi@gmail.com', '0521536598', 'ác hen ti na', '', 'Trực Tuyến', '132000000', 'đã xử lý', '2022-11-20 14:31:00'),
('20112022-2120', 'rolando', 'lovems@gmail.com', '02365984857', 'bồ đào nha', 'ship nhanh', 'COD', '30950000', 'đã xử lý', '2022-11-20 14:30:56'),
('22112022-1623', 'test', 'test123@gmail.com', '0123456789', 'hà đông', 'nhanh', 'COD', '37570000', 'đã xử lý', '2022-11-22 09:24:18');

-- --------------------------------------------------------

--
-- Cấu trúc bảng cho bảng `kieu`
--

CREATE TABLE `kieu` (
  `id_kieu` varchar(256) COLLATE utf8mb4_unicode_ci NOT NULL,
  `thong_tin` varchar(256) COLLATE utf8mb4_unicode_ci NOT NULL,
  `create_at` timestamp NOT NULL DEFAULT current_timestamp() ON UPDATE current_timestamp()
) ENGINE=InnoDB DEFAULT CHARSET=utf8mb4 COLLATE=utf8mb4_unicode_ci;

--
-- Đang đổ dữ liệu cho bảng `kieu`
--

INSERT INTO `kieu` (`id_kieu`, `thong_tin`, `create_at`) VALUES
('Điện thoại', '', '2022-10-28 14:40:50'),
('Phụ kiện', '', '2022-10-28 14:40:50');

-- --------------------------------------------------------

--
-- Cấu trúc bảng cho bảng `nhan_hieu`
--

CREATE TABLE `nhan_hieu` (
  `ten_nhan_hieu` varchar(10) COLLATE utf8mb4_unicode_ci NOT NULL,
  `thong_tin` varchar(256) COLLATE utf8mb4_unicode_ci NOT NULL,
  `create_at` timestamp NOT NULL DEFAULT current_timestamp() ON UPDATE current_timestamp()
) ENGINE=InnoDB DEFAULT CHARSET=utf8mb4 COLLATE=utf8mb4_unicode_ci;

--
-- Đang đổ dữ liệu cho bảng `nhan_hieu`
--

INSERT INTO `nhan_hieu` (`ten_nhan_hieu`, `thong_tin`, `create_at`) VALUES
('Iphone', ' Phân khúc cao cấp', '2022-10-25 02:50:46'),
('Nokia', ' Máy bần ', '2022-10-25 02:50:46'),
('Oppo', ' Máy cùi', '2022-10-25 02:50:46'),
('Samsung', ' Phân khúc tầm trung ', '2022-10-28 14:30:17'),
('ViVo', 'máy giá rẻ', '2022-10-25 02:50:46'),
('Xiaomi', '<p>Ph&acirc;n kh&uacute;c tầm trung , <del>nhưng chất</del></p>\r\n', '2022-11-14 16:54:34');

-- --------------------------------------------------------

--
-- Cấu trúc bảng cho bảng `san_pham`
--

CREATE TABLE `san_pham` (
  `ma_san_pham` varchar(10) COLLATE utf8mb4_unicode_ci NOT NULL,
  `ten_san_pham` varchar(256) COLLATE utf8mb4_unicode_ci NOT NULL,
  `anh` varchar(256) COLLATE utf8mb4_unicode_ci NOT NULL,
  `so_luong` varchar(3) COLLATE utf8mb4_unicode_ci NOT NULL,
  `id_kieu` varchar(10) COLLATE utf8mb4_unicode_ci NOT NULL,
  `ten_nhan_hieu` varchar(10) COLLATE utf8mb4_unicode_ci NOT NULL,
  `thong_tin` text COLLATE utf8mb4_unicode_ci NOT NULL,
  `gia` varchar(40) COLLATE utf8mb4_unicode_ci NOT NULL,
  `create_at` timestamp NOT NULL DEFAULT current_timestamp() ON UPDATE current_timestamp()
) ENGINE=InnoDB DEFAULT CHARSET=utf8mb4 COLLATE=utf8mb4_unicode_ci;

--
-- Đang đổ dữ liệu cho bảng `san_pham`
--

INSERT INTO `san_pham` (`ma_san_pham`, `ten_san_pham`, `anh`, `so_luong`, `id_kieu`, `ten_nhan_hieu`, `thong_tin`, `gia`, `create_at`) VALUES
('oppo-a17k', 'OPPO A17K', '1669194746-product-oppo-a17k-vang-thumb-ă-600x600.jpg', '5', 'Điện thoại', 'Oppo', '<b><a href=\"https://www.thegioididong.com/dtdd/oppo-a17k\" target=\"_blank\">OPPO A17K</a>&nbsp;l&agrave; chiếc điện thoại được kế thừa thiết kế tinh tế của&nbsp;<a href=\"https://www.thegioididong.com/dtdd/oppo-a16k\" target=\"_blank\">OPPO A16K</a>, được n&acirc;ng cấp về dung lượng pin, đồng thời cũng sở hữu m&agrave;n h&igrave;nh chi tiết c&ugrave;ng một hiệu năng ổn định được nh&agrave; OPPO cho ra mắt v&agrave;o những th&aacute;ng cuối năm 2022.</b>\r\n\r\n<b>Sử dụng thả ga với vi&ecirc;n pin lớn, hiệu năng mượt m&agrave;</b>\r\n\r\n<p>Nguồn năng lượng đến từ vi&ecirc;n pin Li-Po 5000 mAh c&oacute; trong OPPO A17K kết hợp c&ugrave;ng vi xử l&yacute; tiết kiệm điện năng, gi&uacute;p chiếc&nbsp;<a href=\"https://www.thegioididong.com/dtdd\" target=\"_blank\">điện thoại</a>&nbsp;c&oacute; thể hoạt động xuy&ecirc;n suốt một ng&agrave;y d&agrave;i, kh&ocirc;ng bị gi&aacute;n đoạn do hết pin.</p>\r\n\r\n<p><a href=\"https://www.thegioididong.com/dtdd-oppo\" target=\"_blank\">OPPO</a>&nbsp;trang bị tr&ecirc;n A17K con chip MediaTek Helio G35 với xung nhịp đạt 2.3 GHz mang đến hiệu năng mượt m&agrave; với c&aacute;c t&aacute;c vụ từ đọc b&aacute;o, xem phim hay chơi những tựa game nhẹ nh&agrave;ng.</p>\r\n\r\n<p>A17K l&agrave; chiếc&nbsp;<a href=\"https://www.thegioididong.com/dtdd-ram-3gb\" target=\"_blank\">điện thoại RAM 3 GB</a>, bộ nhớ trong 64 GB c&ugrave;ng khả năng mở rộng l&ecirc;n đến 1 TB nhờ thẻ nhớ MicroSD, c&aacute;c thao t&aacute;c đa nhiệm tr&ecirc;n m&aacute;y đem đến sự ổn định v&agrave; kh&ocirc;ng gian lưu trữ vừa đủ cho c&aacute;c nhu cầu cơ bản.</p>\r\n\r\n<b>Trải nghiệm tuyệt hơn tr&ecirc;n m&agrave;n h&igrave;nh lớn</b3>\r\n\r\n<p>Thỏa sức giải tr&iacute; với m&agrave;n h&igrave;nh lớn 6.56 inch hiển thị đạt chuẩn HD+, tấm nền IPS LCD cho bạn kh&ocirc;ng gian giải tr&iacute; tốt hơn, h&igrave;nh ảnh r&otilde; r&agrave;ng v&agrave; m&agrave;u sắc kh&aacute; trung thực cho bạn những ph&uacute;t gi&acirc;y giải tr&iacute; th&uacute; vị tr&ecirc;n điện thoại của m&igrave;nh.</p>\r\n\r\n<b>Chụp ảnh r&otilde; n&eacute;t nhờ camera AI<b3>\r\n\r\n<p>Mặt sau của A17K l&agrave; cụm camera h&igrave;nh vi&ecirc;n thuốc được l&agrave;m phẳng, với c&aacute;c ống k&iacute;nh được thiết kế tinh tế kh&ocirc;ng nh&ocirc; l&ecirc;n khỏi th&acirc;n m&aacute;y. M&aacute;y sở hữu camera sau độ ph&acirc;n giải 8 MP v&agrave; một m&aacute;y ảnh selfie 5 MP ở mặt trước. Chiếc&nbsp;<a href=\"https://www.thegioididong.com/dtdd-oppo-a\" target=\"_blank\">điện thoại OPPO d&ograve;ng A</a>&nbsp;n&agrave;y cũng được nh&agrave; sản xuất Trung Quốc ưu &aacute;i trang bị nhiều t&iacute;nh năng phần mềm n&acirc;ng cao để xử l&yacute; ảnh tốt hơn.</p>\r\n', '3000000', '2022-11-23 09:13:51'),
('oppo-a96-4', 'OPPO A96', '1669193983-product-oppo-a96-den-thumb-1-600x600.jpg', '5', 'Điện thoại', 'Xiaomi', '<b><a href=\"https://www.thegioididong.com/dtdd/oppo-a96-4g\" target=\"_blank\">OPPO A96</a>&nbsp;l&agrave; c&aacute;i t&ecirc;n được nhắc đến kh&aacute; nhiều tr&ecirc;n c&aacute;c diễn đ&agrave;n c&ocirc;ng nghệ hiện nay, nhờ sở hữu một ngoại h&igrave;nh hết sức bắt mắt c&ugrave;ng h&agrave;ng loạt c&aacute;c th&ocirc;ng số ấn tượng trong ph&acirc;n kh&uacute;c gi&aacute; như hiệu năng cao, camera chụp ảnh sắc n&eacute;t.</b>\r\n\r\n<b>Nổi bật với diện mạo đầy cuốn h&uacute;t</b>\r\n\r\n<p>Ở lần ra mắt n&agrave;y, OPPO đ&atilde; tr&igrave;nh l&agrave;ng A96 với hai phi&ecirc;n bản m&agrave;u sắc đ&oacute; ch&iacute;nh l&agrave; đen v&agrave; hồng. Cả hai m&agrave;u đều được ho&agrave;n thiện phần mặt lưng với vật liệu ch&iacute;nh l&agrave; thủy tinh hữu cơ, c&ugrave;ng với đ&oacute; l&agrave; c&ocirc;ng nghệ OPPO Glow độc quyền gi&uacute;p thiết bị to&aacute;t l&ecirc;n một vẻ ngo&agrave;i sang trọng hơn. Phi&ecirc;n bản tr&ecirc;n tay m&igrave;nh ch&iacute;nh l&agrave; m&agrave;u đen huyền c&oacute; thể chuyển m&agrave;u đậm dần theo từng g&oacute;c độ &aacute;nh s&aacute;ng kh&aacute;c nhau.</p>\r\n\r\n<p>Tuy được phủ l&ecirc;n m&igrave;nh một m&agrave;u sắc tối giản nhưng A96 lại mang đến một c&aacute;i nh&igrave;n kh&ocirc;ng hề đơn giản t&iacute; n&agrave;o. Nhờ &aacute;p dụng thiết kế OPPO Glow n&ecirc;n phần mặt lưng của m&aacute;y trở n&ecirc;n lấp l&aacute;nh, với h&agrave;ng triệu chấm s&aacute;ng li ti l&agrave;m cho m&igrave;nh li&ecirc;n tưởng đến những v&igrave; sao đang tỏa s&aacute;ng tr&ecirc;n bầu trời đ&ecirc;m.</p>\r\n\r\n<p>Hai cạnh b&ecirc;n của&nbsp;<a href=\"https://www.thegioididong.com/dtdd-oppo\" target=\"_blank\">điện thoại OPPO</a>&nbsp;n&agrave;y tạo h&igrave;nh bo cong n&ecirc;n khi cầm nắm trong khoảng thời gian l&acirc;u d&agrave;i th&igrave; m&igrave;nh cũng &iacute;t khi cảm thấy bị cấn tay. Ngo&agrave;i ra kiểu bo cong như n&agrave;y cũng l&agrave;m cho A96 c&oacute; được một c&aacute;i nh&igrave;n thanh mảnh v&agrave; tinh tế hơn.</p>\r\n\r\n<b>Hiển thị h&igrave;nh ảnh một c&aacute;ch sinh động</b>\r\n\r\n<p>Ở phần th&ocirc;ng số m&agrave;n h&igrave;nh, OPPO A96 được trang bị một tấm nền IPS LCD c&oacute; k&iacute;ch thước 6.59 inch, k&egrave;m với đ&oacute; l&agrave; độ ph&acirc;n giải Full HD+ (1080 x 2412 Pixels) v&agrave; độ s&aacute;ng 600 nits. Đ&acirc;y l&agrave; những c&ocirc;ng nghệ được đ&aacute;nh gi&aacute; rất cao trong ph&acirc;n kh&uacute;c&nbsp;<a href=\"https://www.thegioididong.com/dtdd\" target=\"_blank\">điện thoại</a>&nbsp;tầm trung hiện nay (07/2022).</p>\r\n\r\n<p>Trải nghiệm thực tế tr&ecirc;n m&aacute;y theo m&igrave;nh cảm nhận, nội dung hiển thị c&oacute; m&agrave;u sắc rực rỡ v&agrave; tươi mới n&ecirc;n nh&igrave;n rất nịnh mắt. T&igrave;nh trạng &aacute;m xanh &aacute;m v&agrave;ng kh&ocirc;ng thấy xuất hiện n&ecirc;n đ&acirc;y được xem l&agrave; một điểm cộng rất lớn m&agrave; m&igrave;nh d&agrave;nh cho chiếc A96.&nbsp;</p>\r\n\r\n<p>Nhờ m&agrave;n h&igrave;nh c&oacute; độ s&aacute;ng cao n&ecirc;n m&igrave;nh c&oacute; thể sử dụng thiết bị dễ d&agrave;ng hơn ở những m&ocirc;i trường c&oacute; nhiều &aacute;nh s&aacute;ng. Cụ thể l&agrave; m&igrave;nh c&oacute; mang m&aacute;y đi chụp ảnh ở ngo&agrave;i trời th&igrave; thấy t&igrave;nh trạng tối m&agrave;n h&igrave;nh cũng &iacute;t khi xảy ra, điều n&agrave;y thực sự rất hữu &iacute;ch đối với những trường hợp căn chỉnh bức ảnh trong l&uacute;c chụp ngo&agrave;i trời v&agrave; cần độ ch&iacute;nh x&aacute;c cao.</p>\r\n\r\n<p>Với những tựa game sinh tồn hay bộ phim đỉnh cao th&igrave; độ ph&acirc;n giải m&agrave;n h&igrave;nh l&agrave; một điều rất quan trọng. N&oacute; gi&uacute;p cho người d&ugrave;ng c&oacute; thể trải nghiệm một c&aacute;ch trọn vẹn những g&igrave; m&agrave; nh&agrave; sản xuất nội dung mang tới v&agrave; A96 đ&atilde; thực sự l&agrave;m được điều đ&oacute;, m&aacute;y mang đến cho m&igrave;nh những khung h&igrave;nh rất r&otilde; n&eacute;t v&agrave; ch&acirc;n thực trong xuy&ecirc;n suốt qu&aacute; tr&igrave;nh trải nghiệm.</p>\r\n\r\n<p>&nbsp;</p>\r\n', '6290000', '2022-11-23 09:22:10'),
('oppo-reno6', 'OPPO Reno6 5G', '1669193663-product-oppo-reno6-5g-black-600x600.jpg', '5', 'Điện thoại', 'Oppo', '<b>Sau khi ra mắt OPPO Reno5 chưa l&acirc;u th&igrave;&nbsp;<a href=\"https://www.thegioididong.com/dtdd-oppo\" target=\"_blank\">OPPO</a>&nbsp;lại cho ra mẫu smartphone mới mang t&ecirc;n&nbsp;<a href=\"https://www.thegioididong.com/dtdd/oppo-reno6\" target=\"_blank\">OPPO Reno6</a>&nbsp;với h&agrave;ng loạt cải tiến mới về ngoại h&igrave;nh b&ecirc;n ngo&agrave;i lẫn hiệu năng b&ecirc;n trong, mang đến trải nghiệm vượt bật cho người d&ugrave;ng.</b>\r\n\r\n<b>Chip Dimensity 900 5G hiệu năng ổn định</b>\r\n\r\n<p>OPPO Reno6 được trang bị vi xử l&yacute; MediaTek Dimensity 900 đ&aacute;p ứng mọi nhu cầu giải tr&iacute; h&agrave;ng ng&agrave;y, c&oacute; thể chơi tất cả c&aacute;c game phổ biến hiện nay, tạo ấn tượng rất mạnh mẽ cho người d&ugrave;ng trải nghiệm mượt m&agrave; với cấu h&igrave;nh ổn định.</p>\r\n\r\n<p>M&aacute;y hỗ trợ hệ điều h&agrave;nh Android 11 được cải tiến với nhiều t&iacute;nh năng vượt trội. Đi k&egrave;m đ&oacute; l&agrave; điện thoại&nbsp;<a href=\"https://www.thegioididong.com/dtdd-ram-8gb\" target=\"_blank\">RAM 8 GB</a>&nbsp;cho đa nhiệm thoải m&aacute;i nhiều ứng dụng c&ugrave;ng một l&uacute;c.&nbsp;<a href=\"https://www.thegioididong.com/dtdd-rom-128gb\" target=\"_blank\">Bộ nhớ trong 128 GB</a>&nbsp;cho bạn thoải m&aacute;i tải những tệp nặng v&agrave; những tựa game y&ecirc;u th&iacute;ch dễ d&agrave;ng hơn.</p>\r\n\r\n<p>Theo xu hướng hiện nay th&igrave; OPPO Reno6 cũng được trang bị kết nối mạng 5G hiện đại với tốc độ truyền tải dữ liệu nhanh hơn gấp nhiều lần 4G, tải mọi game v&agrave; ứng dụng nặng đều kh&ocirc;ng thể l&agrave;m kh&oacute; được sự mạnh mẽ n&agrave;y.</p>\r\n\r\n<b>Trải nghiệm th&uacute; vị c&ugrave;ng những bộ ảnh cực chất</b>\r\n\r\n<p>Mặt sau của OPPO Reno6 sở hữu cụm 3 camera bao gồm: Cảm biến ch&iacute;nh 64 MP, camera g&oacute;c si&ecirc;u rộng&nbsp;8 MP,&nbsp;camera macro&nbsp;2 MP gi&uacute;p người d&ugrave;ng thoải m&aacute;i sử dụng ghi lại những khoảnh khắc h&agrave;ng ng&agrave;y.</p>\r\n\r\n<p>Thiết bị cũng hỗ trợ nhiều chế độ chụp ảnh th&uacute; vị kh&aacute;c như: HDR, chụp x&oacute;a ph&ocirc;ng, quay phim 4K, hỗ trợ quay video Full HD,... đ&aacute;p ứng tốt nhu cầu sử dụng th&ocirc;ng thường.</p>\r\n\r\n<p>Mặt trước c&ograve;n được trang bị camera selfie c&oacute; độ ph&acirc;n giải 32 MP,&nbsp; hỗ trợ t&iacute;nh năng tự động lấy n&eacute;t v&agrave; nhận diện khu&ocirc;n mặt th&ocirc;ng minh gi&uacute;p người d&ugrave;ng c&oacute; những bức ảnh chụp trọn vẹn v&agrave; đẹp mắt nhất.</p>\r\n\r\n<b>Thiết kế thời thượng, đẳng cấp</b>\r\n\r\n<p>Vẻ ngo&agrave;i mảnh mai v&agrave; thon gọn đến bất ngờ với khối lượng chỉ 182 g cho bạn cầm nắm thoải m&aacute;i, bỏ t&uacute;i hay cặp đều tiện lợi.</p>\r\n\r\n<p>&nbsp;</p>\r\n', '8390000', '2022-11-23 09:21:36'),
('realme-c11', 'Realme C11 (2021)', '1669193274-product-realme-c11-2021-blue-1-600x600.jpg', '10', 'Điện thoại', 'Xiaomi', '<b>C&aacute;c d&ograve;ng&nbsp;smartphone gi&aacute; rẻ&nbsp;ng&agrave;y c&agrave;ng được ưa chuộng tr&ecirc;n thị trường di động, nắm bắt được nhu cầu đ&oacute; h&atilde;ng điện thoại&nbsp;<a href=\"https://www.thegioididong.com/dtdd-realme\" target=\"_blank\">Realme</a>&nbsp;cũng đ&atilde; cho ra mắt&nbsp;<a href=\"https://www.thegioididong.com/dtdd/realme-c11-2021\" target=\"_blank\">Realme C11 (2021)</a>&nbsp;l&agrave; một phi&ecirc;n bản đồng t&ecirc;n gọi với&nbsp;Realme C11&nbsp;ra mắt trước đ&oacute;.<br />\r\n&nbsp;<br />\r\nNgắm nh&igrave;n mọi thứ qua m&agrave;n h&igrave;nh rộng lớn</b>\r\n\r\n<p>Điện thoại Realme C11 (2021) xuất hiện với thiết kế c&aacute;c cạnh viền cong tr&ograve;n, &ocirc;m gọn th&acirc;n m&aacute;y quen thuộc. Mặt trước trang bị&nbsp;<a href=\"https://www.thegioididong.com/hoi-dap/man-hinh-ips-lcd-la-gi-905752\" target=\"_blank\">c&ocirc;ng nghệ m&agrave;n h&igrave;nh&nbsp;IPS LCD</a>&nbsp;k&iacute;ch thước 6.5 inch, tỷ lệ khung h&igrave;nh 20:9 v&agrave; khả năng mở rộng g&oacute;c nh&igrave;n gi&uacute;p m&aacute;y hiển thị mọi thứ sắc n&eacute;t, r&otilde; r&agrave;ng.</p>\r\n\r\n<p><a href=\"https://www.thegioididong.com/dtdd\" target=\"_blank\">Điện thoại</a>&nbsp;cung cấp độ s&aacute;ng tối đa 400 nits, hỗ trợ gam m&agrave;u đa dạng cho c&aacute;c h&igrave;nh ảnh hiện diện tr&ecirc;n m&aacute;y th&ecirc;m phần rực rỡ, tăng cảm hứng giải tr&iacute; cho người d&ugrave;ng.</p>\r\n\r\n<p>M&agrave;n h&igrave;nh của Realme C11 (2021) c&ograve;n được bảo vệ chắc chắn bởi mặt k&iacute;nh cường lực, chống chịu đ&aacute;ng kể c&aacute;c lực va đập, trầy xước từ m&ocirc;i trường b&ecirc;n ngo&agrave;i.&nbsp;</p>\r\n\r\n<b>Hiệu năng đủ d&ugrave;ng ở mức cơ bản</b>\r\n\r\n<p>So với mức gi&aacute; của Realme C11 (2021) th&igrave; con chip Spreadtrum SC9863A m&agrave; m&aacute;y trang bị c&oacute; hiệu năng ở mức đủ d&ugrave;ng, c&aacute;c thao t&aacute;c như lướt web, xem Youtube,... m&aacute;y đều đ&aacute;p ứng tốt.</p>\r\n\r\n<p>Cụ thể, Spreadtrum SC9863A cho tốc độ xung nhịp tối đa 1.6 GHz, m&aacute;y c&oacute; thể chơi tốt một số tựa game nhẹ nh&agrave;ng với độ ổn định, mượt m&agrave;.&nbsp;</p>\r\n\r\n<p>B&ecirc;n cạnh đ&oacute;, điện thoại c&ograve;n hoạt động linh hoạt khi được c&agrave;i đặt&nbsp;<a href=\"https://www.thegioididong.com/hoi-dap/android-11-la-gi-co-gi-moi-thiet-bi-nao-duoc-cap-nhat-1306447\" target=\"_blank\">hệ điều h&agrave;nh&nbsp;Android 11</a>, đi k&egrave;m&nbsp;<a href=\"https://www.thegioididong.com/dtdd-ram-2gb\" target=\"_blank\">RAM 2 GB</a>&nbsp;v&agrave; dung lượng&nbsp;<a href=\"https://www.thegioididong.com/dtdd-rom-32gb\" target=\"_blank\">bộ nhớ trong 32 GB</a>&nbsp;th&iacute;ch hợp cho nhu cầu lưu trữ đơn giản. Ngo&agrave;i ra, Realme C11 (2021) c&oacute; hỗ trợ khe cắm&nbsp;<a href=\"https://www.thegioididong.com/the-nho-dien-thoai\" target=\"_blank\">thẻ nhớ</a>&nbsp;MicroSD tối đa 256 GB cho nhu cầu sử dụng cao hơn.</p>\r\n\r\n<b>Dễ d&agrave;ng ghi giữ từng khoảnh khắc&nbsp;</b>\r\n\r\n<p>Realme C11 (2021) sở hữu camera mặt sau 8 MP t&iacute;ch hợp c&ugrave;ng đ&egrave;n LED flash hỗ trợ người d&ugrave;ng chụp r&otilde; v&agrave; đẹp trong m&ocirc;i trường thiếu s&aacute;ng.</p>\r\n\r\n<p>Tuy chỉ c&oacute; một camera sau, nhưng Realme C11 (2021) vẫn hỗ trợ chụp ảnh xo&aacute; ph&ocirc;ng, l&agrave;m đẹp, HDR,...&nbsp;ho&agrave;n to&agrave;n đ&aacute;p ứng tốt c&aacute;c nhu cầu từ người d&ugrave;ng.</p>\r\n\r\n<p>&nbsp;</p>\r\n', '2390000', '2022-11-23 09:20:55'),
('samsung-ga', 'Samsung Galaxy S22 5G 128GB', '1669193424-product-Galaxy-S22-Black-600x600.jpg', '5', 'Điện thoại', 'Samsung', '<b><a href=\"https://www.thegioididong.com/dtdd/samsung-galaxy-s22\" target=\"_blank\">Samsung Galaxy S22</a>&nbsp;ra mắt với diện mạo v&ocirc; c&ugrave;ng tinh tế v&agrave; trẻ trung, mang trong m&igrave;nh thiết kế phẳng theo xu hướng thịnh h&agrave;nh, m&agrave;n h&igrave;nh 120 Hz mượt m&agrave;, cụm camera AI 50 MP v&agrave; bộ xử l&yacute; đến từ Qualcomm.</b>\r\n\r\n<h3>Thiết kế thu h&uacute;t mọi &aacute;nh nh&igrave;n&nbsp;</h3>\r\n\r\n<p>Cảm gi&aacute;c đầu ti&ecirc;n Samsung Galaxy S22 mang lại cho m&igrave;nh khi sử dụng l&agrave; m&aacute;y cho cảm gi&aacute;c cầm nắm cực kỳ chắc chắn v&agrave; đằm tay với thiết kế nhỏ gọn của m&igrave;nh.</p>\r\n\r\n<p>Đ&acirc;y l&agrave; một chiếc&nbsp;<a href=\"https://www.thegioididong.com/dtdd\" target=\"_blank\">điện thoại</a>&nbsp;v&ocirc; c&ugrave;ng bền bỉ khi khung viền được cấu th&agrave;nh từ Armor Aluminum cứng c&aacute;p, được trang bị k&iacute;nh cường lực Corning&nbsp;Gorilla Glass Victus+ đầu ti&ecirc;n tr&ecirc;n thị trường.</p>\r\n\r\n<p>Mặt lưng cũng được ho&agrave;n thiện từ k&iacute;nh với thiết kế phẳng, viền m&agrave;n h&igrave;nh của Galaxy S22 được l&agrave;m mỏng ở cả 4 cạnh tr&ocirc;ng rất c&acirc;n đối v&agrave; gọn g&agrave;ng. Tất cả những điều tr&ecirc;n tạo n&ecirc;n một cảm gi&aacute;c cầm nắm, sử dụng rất tốt.</p>\r\n\r\n<p>Cụm camera ph&iacute;a sau c&oacute; lồi hơn mặt lưng một ch&uacute;t, c&oacute; m&agrave;u sắc tương đồng với m&agrave;u sản phẩm&nbsp;tương tự với d&ograve;ng&nbsp;<a href=\"https://www.thegioididong.com/dtdd/samsung-galaxy-s21\" target=\"_blank\">Galaxy S21</a>&nbsp;đ&atilde; ra mắt trước đ&oacute;. Nh&igrave;n chung phần thiết kế m&igrave;nh thấy rằng Galaxy S22 kh&ocirc;ng c&oacute; sự thay đổi qu&aacute; nhiều khi so với thế hệ S21, tuy nhi&ecirc;n theo c&aacute; nh&acirc;n m&igrave;nh S22 đ&atilde; được tối ưu v&agrave; gọn g&agrave;ng hơn thế hệ trước.</p>\r\n\r\n<b>Trải nghiệm thị gi&aacute;c được n&acirc;ng tầm</b>\r\n\r\n<p>M&agrave;n h&igrave;nh 6.1 inch cực kỳ nhỏ gọn, độ ph&acirc;n giải Full HD+ c&ugrave;ng tấm nền Dynamic AMOLED 2X cho khả năng hiển thị v&ocirc; c&ugrave;ng chi tiết, m&agrave;u đen s&acirc;u, m&agrave;u sắc h&agrave;i h&ograve;a, hỗ trợ dải m&agrave;u rộng DCI-P3 gi&uacute;p cho ch&uacute;ng ta c&oacute; trải nghiệm sử dụng l&agrave;m việc, giải tr&iacute; một c&aacute;ch sinh động hơn.&nbsp;</p>\r\n\r\n<p>Với tần số qu&eacute;t 120 Hz m&aacute;y cho trải nghiệm vuốt chạm cực k&igrave; mượt m&agrave;, hiệu ứng chuyển cảnh hay hiệu ứng khi mở ứng dụng rất l&agrave; trơn tru v&agrave; hầu như kh&ocirc;ng c&oacute; hiện tượng khựng.</p>\r\n\r\n<p>Galaxy S22 c&oacute; độ s&aacute;ng tối đa đến 1300 nits cho hiển thị nội dung tốt cho d&ugrave; bạn xem ở ngo&agrave;i trời nắng ch&oacute;i. Chế độ bảo vệ mắt được trang bị gi&uacute;p đ&ocirc;i mắt hạn chế tiếp x&uacute;c với &aacute;nh s&aacute;ng xanh cho qu&aacute; tr&igrave;nh sử dụng điện thoại của bạn trở n&ecirc;n thoải m&aacute;i hơn.</p>\r\n\r\n<p>B&ecirc;n cạnh đ&oacute;, cảm biến v&acirc;n tay cũng được&nbsp;<a href=\"https://www.thegioididong.com/dtdd-samsung\" target=\"_blank\">Samsung</a>&nbsp;t&iacute;ch hợp trong m&agrave;n h&igrave;nh với tốc độ nhận diện nhanh, gi&uacute;p dữ liệu của bạn lu&ocirc;n an to&agrave;n v&agrave; tiện lợi hơn trong qu&aacute; tr&igrave;nh sử dụng.</p>\r\n\r\n<b>Vi xử l&yacute; mạnh mẽ nhất Galaxy</b>\r\n\r\n<p>Samsung Galaxy S22 năm nay đ&atilde; sử dụng CPU đến từ Qualcomm, chiếc flagship n&agrave;y trang bị con chip Snapdragon 8 Gen 1 mới nhất với một hiệu năng cực k&igrave; mạnh mẽ trong giới smartphone hiện nay (2/2022).</p>\r\n\r\n<p>M&igrave;nh c&oacute; sử dụng phần mềm chấm điểm hiệu năng v&agrave; c&oacute; kết quả sau, phần mềm PCMark với số điểm 13440 (b&ecirc;n tr&aacute;i), Benchmark số điểm đơn nh&acirc;n 1212 v&agrave; đa nh&acirc;n 3107 (b&ecirc;n phải) kh&aacute; ấn tượng.&nbsp;</p>\r\n', '17990000', '2022-11-23 09:20:21'),
('SP001', 'Iphone 14 Pro Max ', '2ed1bfecbbac9620b159ce5c0885f2d3.jpg', '15', 'Phụ kiện', 'Iphone', '<p>Mới đ&acirc;y th&igrave; chiếc điện thoại&nbsp;<a href=\"https://www.thegioididong.com/dtdd/iphone-14-pro-max-256gb\" target=\"_blank\">iPhone 14 Pro Max 256GB</a>&nbsp;cũng đ&atilde; được ch&iacute;nh thức lộ diện tr&ecirc;n to&agrave;n cầu v&agrave; đập tan bao lời đồn đo&aacute;n bấy l&acirc;u nay, b&ecirc;n trong m&aacute;y sẽ được trang bị con chip hiệu năng khủng c&ugrave;ng sự n&acirc;ng cấp về camera đến từ nh&agrave; Apple.</p>\r\n\r\n<b>Diện mạo đẳng cấp dẫn đầu xu thế</b>\r\n\r\n<p><a href=\"https://www.thegioididong.com/dtdd/iphone-14-pro-max\" target=\"_blank\">iPhone 14 Pro Max</a>&nbsp;sẽ vẫn giữ lại kiểu thiết kế đặc trưng đến từ c&aacute;c thế hệ trước như&nbsp;<a href=\"https://www.thegioididong.com/dtdd-apple-iphone-13-series\" target=\"_blank\">iPhone 13 series</a>&nbsp;với c&aacute;c cạnh vu&ocirc;ng vức v&agrave; hai mặt gia c&ocirc;ng phẳng, đ&acirc;y vẫn được xem l&agrave; kiểu thiết kế rất thịnh h&agrave;nh v&agrave; th&agrave;nh c&ocirc;ng tr&ecirc;n thị trường di động t&iacute;nh đến thời điểm hiện tại.&nbsp;</p>\r\n\r\n<p>Ph&iacute;a sau m&aacute;y sẽ l&agrave; một mặt lưng l&agrave;m từ k&iacute;nh cao cấp gi&uacute;p cho thiết bị c&oacute; thể to&aacute;t l&ecirc;n một vẻ ngo&agrave;i sang trọng v&agrave; h&agrave;o nho&aacute;ng, đi k&egrave;m với đ&oacute; sẽ l&agrave; bộ khung th&eacute;p kh&ocirc;ng gỉ chắc chắn c&oacute; khả năng chống chịu va đập tốt để thiết bị c&oacute; thể đồng h&agrave;nh c&ugrave;ng bạn trong khoảng thời gian l&acirc;u d&agrave;i hơn.</p>\r\n\r\n<b>Trang bị cụm 3 camera chất lượng</b>\r\n\r\n<p>Nổi bật ở phần mặt lưng ch&iacute;nh l&agrave; cụm 3 camera độc đ&aacute;o trong đ&oacute; camera ch&iacute;nh c&oacute; độ ph&acirc;n giải l&ecirc;n tới 48 MP c&ugrave;ng hai cảm biến phụ c&oacute; chung độ ph&acirc;n giải l&agrave; 12 MP.</p>\r\n\r\n<p>Nhằm mang đến cho người d&ugrave;ng sự mới mẻ về chụp ảnh hay nhiều t&iacute;nh năng đ&aacute;p ứng t&aacute;c vụ nhiếp ảnh n&acirc;ng cao th&igrave; Apple cũng đ&atilde; t&iacute;ch hợp th&ecirc;m nhiều t&iacute;nh năng. B&ecirc;n cạnh đ&oacute; sẽ l&agrave; sự n&acirc;ng cấp về thuật to&aacute;n xử l&yacute; nhằm gi&uacute;p cho thiết bị c&oacute; thể hạn chế được t&igrave;nh trạng nhiễu ảnh, n&acirc;ng cao khả năng xử l&yacute; m&agrave;u tr&ecirc;n camera.</p>\r\n\r\n<b>Trải nghiệm nội dung sinh động tr&ecirc;n một m&agrave;n h&igrave;nh chất lượng</b>\r\n\r\n<p>Ph&iacute;a trước&nbsp;<a href=\"https://www.thegioididong.com/dtdd-apple-iphone\" target=\"_blank\">điện thoại iPhone</a>&nbsp;sẽ được t&iacute;ch hợp một m&agrave;n h&igrave;nh OLED c&oacute; k&iacute;ch thước l&ecirc;n tới 6.7 inch, nhờ c&oacute; một tấm nền xịn s&ograve; n&ecirc;n m&aacute;y ho&agrave;n to&agrave;n c&oacute; thể đem lại cho bạn những nội dung hiển thị c&oacute; độ ch&iacute;nh x&aacute;c cao về m&agrave;u sắc. Hỗ trợ tốt trong những c&ocirc;ng việc thiết kế đồ họa.</p>\r\n\r\n<p>Lần n&agrave;y sẽ c&oacute; một sự thay đổi lớn tr&ecirc;n phần m&agrave;n h&igrave;nh ch&iacute;nh l&agrave; cụm tai thỏ đ&atilde; được thay đổi để thay v&agrave;o đ&oacute; l&agrave; một h&igrave;nh vi&ecirc;n thuốc lạ mắt, đ&acirc;y chắc chắn sẽ l&agrave; một đặc điểm nhận diện dễ d&agrave;ng tr&ecirc;n chiếc iPhone 14 Pro Max.</p>\r\n\r\n<b>N&acirc;ng cao khả năng xử l&yacute; nhờ chipset khủng</b>\r\n\r\n<p>Lần ra mắt n&agrave;y Apple đ&atilde; giới thiệu một con qu&aacute;i vật về hiệu năng khi cho ra mắt vi xử l&yacute; A16 Bionic, với sự n&acirc;ng cấp cả về CPU v&agrave; GPU gi&uacute;p cho thiết bị của bạn c&oacute; thể xử l&yacute; tốt mọi nhu cầu sử dụng.</p>\r\n\r\n<p><a href=\"https://www.thegioididong.com/dtdd-ram-6gb\" target=\"_blank\">Điện thoại RAM 6 GB</a>&nbsp;hứa hẹn sẽ mang đến cho người d&ugrave;ng những trải nghiệm đa nhiệm mượt m&agrave;, thừa sức phục vụ cho bạn mở nhiều ứng dụng trong c&ugrave;ng một l&uacute;c.</p>\r\n', '30000000', '2022-11-23 08:42:45'),
('SP002', 'Iphone 12 Pro Max ', 'iphone-12-pro-max-xam-new-600x600-200x200.jpg', '20', 'Phụ kiện', 'Iphone', '<b>Trong những th&aacute;ng cuối năm 2020,&nbsp;<a href=\"https://www.thegioididong.com/apple\" target=\"_blank\">Apple</a>&nbsp;đ&atilde; ch&iacute;nh thức giới thiệu đến người d&ugrave;ng cũng như iFan thế hệ iPhone&nbsp;12&nbsp;series&nbsp;mới với h&agrave;ng loạt t&iacute;nh năng bứt ph&aacute;, thiết kế được lột x&aacute;c ho&agrave;n to&agrave;n, hiệu năng đầy mạnh mẽ v&agrave; một trong số đ&oacute; ch&iacute;nh l&agrave;&nbsp;<a href=\"https://www.topzone.vn/iphone/iphone-12\" target=\"_blank\">iPhone 12 64GB</a>.</b>\r\n\r\n<b>Hiệu năng vượt xa mọi giới hạn</b>\r\n\r\n<p>Apple đ&atilde; trang bị con chip mới nhất của h&atilde;ng (t&iacute;nh đến 11/2020) cho iPhone 12 đ&oacute; l&agrave;&nbsp;<a href=\"https://www.thegioididong.com/hoi-dap/tim-hieu-ve-chip-apple-a14-bionic-tren-iphone-12-va-ipad-1290695\" target=\"_blank\">A14 Bionic</a>, được sản xuất tr&ecirc;n tiến tr&igrave;nh 5 nm với hiệu suất ổn định hơn so với chip A13 được trang bị tr&ecirc;n phi&ecirc;n bản tiền nhiệm&nbsp;<a href=\"https://www.thegioididong.com/dtdd/iphone-11\" target=\"_blank\">iPhone 11</a>.</p>\r\n\r\n<p>Với CPU Apple A14 Bionic, bạn c&oacute; thể dễ d&agrave;ng trải nghiệm mọi tựa game với những pha chuyển cảnh mượt m&agrave; hay h&agrave;ng loạt hiệu ứng đồ họa tuyệt đẹp ở mức đồ họa cao m&agrave; kh&ocirc;ng lo t&igrave;nh trạng giật lag.</p>\r\n\r\n<p>Chưa hết, Apple c&ograve;n g&acirc;y bất ngờ đến người d&ugrave;ng với hệ thống 5G lần đầu ti&ecirc;n được trang bị tr&ecirc;n những chiếc&nbsp;<a href=\"https://www.thegioididong.com/dtdd-apple-iphone\" target=\"_blank\">iPhone</a>, cho tốc độ truyền tải dữ liệu nhanh hơn, ổn định hơn.</p>\r\n\r\n<p>iPhone 12 sẽ chạy tr&ecirc;n hệ điều h&agrave;nh iOS 15 (12/2021)&nbsp;với nhiều t&iacute;nh năng hấp dẫn như hỗ trợ Widget cũng như những n&acirc;ng cấp tối ưu phần mềm đ&aacute;ng kể mang lại những trải nghiệm th&uacute; vị mới lạ đến người d&ugrave;ng.</p>\r\n\r\n<b>Cụm camera kh&ocirc;ng ngừng cải tiến</b>\r\n\r\n<p>iPhone 12 được trang bị hệ thống camera k&eacute;p bao gồm&nbsp;<a href=\"https://www.thegioididong.com/dtdd-camera-goc-rong\" target=\"_blank\">camera g&oacute;c rộng</a>&nbsp;v&agrave; camera si&ecirc;u rộng c&oacute; c&ugrave;ng độ ph&acirc;n giải l&agrave; 12 MP, chế độ ban đ&ecirc;m (<a href=\"https://www.thegioididong.com/hoi-dap/che-do-chup-dem-night-mode-la-gi-907873\" target=\"_blank\">Night Mode</a>) tr&ecirc;n bộ đ&ocirc;i camera n&agrave;y cũng đ&atilde; được n&acirc;ng cấp về phần cứng lẫn thuật to&aacute;n xử l&yacute;, khi chụp những bức ảnh thiếu s&aacute;ng bạn sẽ nhận được kết quả ấn tượng với m&agrave;u sắc, độ chi tiết r&otilde; n&eacute;t đ&aacute;ng kinh ngạc.</p>\r\n\r\n<p>Bạn c&oacute; thể kh&aacute;m ph&aacute; th&ecirc;m những t&iacute;nh năng của camera tr&ecirc;n iPhone 12 như chế độ smart HDR 3 gi&uacute;p c&acirc;n bằng yếu tố &aacute;nh s&aacute;ng trong ảnh, l&agrave;m nổi bật chi tiết đối tượng v&agrave; c&acirc;y cối trong khi vẫn giữ được m&agrave;u sắc phong ph&uacute; của bầu trời ngay cả v&agrave;o buổi trưa nắng gắt.</p>\r\n\r\n<p>&nbsp;</p>\r\n', '23000000', '2022-11-23 08:43:15'),
('SP003', 'xiaomi mi 12 pro max', 'Xiaomi-Redmi-Note-12-Pro-Max.jpg', '15', 'Điện thoại', 'Xiaomi', 'máy thuộc phân khúc tầm trung', '10000000', '2022-11-20 14:18:23'),
('SP004', 'samsung s22 ultra', 'Galaxy-S22-Ultra-Black-600x600.jpg', '17', 'Phụ kiện', 'Iphone', '<b><a href=\"https://www.thegioididong.com/dtdd/samsung-galaxy-s22-ultra\" target=\"_blank\">Galaxy S22 Ultra 5G</a>&nbsp;chiếc smartphone cao cấp nhất trong bộ 3 Galaxy S22 series m&agrave;&nbsp;<a href=\"https://www.thegioididong.com/samsung\" target=\"_blank\">Samsung</a>&nbsp;đ&atilde; cho ra mắt. T&iacute;ch hợp b&uacute;t S Pen ho&agrave;n hảo trong th&acirc;n m&aacute;y, trang bị vi xử l&yacute; mạnh mẽ cho c&aacute;c t&aacute;c vụ sử dụng v&ocirc; c&ugrave;ng mượt m&agrave; v&agrave; nổi bật hơn với cụm camera kh&ocirc;ng viền độc đ&aacute;o mang đậm dấu ấn ri&ecirc;ng.</b>\r\n\r\n<b>Sở hữu một diện mạo đầy nổi bật</b>\r\n\r\n<p>Galaxy S22 Ultra 5G được kế thừa form thiết kế từ những d&ograve;ng Note trước đ&acirc;y của h&atilde;ng đem đến cho bạn c&oacute; cảm gi&aacute;c vừa mới lạ vừa ho&agrave;i niệm. Trọng lượng của m&aacute;y 228 g cho cảm gi&aacute;c cầm nắm đầm tay, khi cầm m&aacute;y trần th&igrave; hơi c&oacute; cảm gi&aacute;c dễ trượt.</p>\r\n\r\n<p>Phần mặt lưng&nbsp;<a href=\"https://www.thegioididong.com/dtdd\" target=\"_blank\">điện thoại</a>&nbsp;được l&agrave;m nh&aacute;m n&ecirc;n hạn chế tốt việc b&aacute;m dấu v&acirc;n tay, c&oacute; thiết kế cũng kh&aacute; đơn giản nhưng vẫn to&aacute;t l&ecirc;n vẻ sang trọng v&agrave; cao cấp của chiếc m&aacute;y. Cụm camera sau tr&ecirc;n Galaxy S22 Ultra 5G được thiết kế trần tạo cảm gi&aacute;c gọn g&agrave;ng v&agrave; cũng tạo n&ecirc;n một điểm nhấn độc đ&aacute;o cho chiếc m&aacute;y.</p>\r\n\r\n<p>C&oacute; thể n&oacute;i Galaxy S22 Ultra 5G ch&iacute;nh l&agrave; chiếc m&aacute;y đầu ti&ecirc;n được t&iacute;ch hợp b&uacute;t S Pen ho&agrave;n hảo trong một th&acirc;n m&aacute;y của&nbsp;<a href=\"https://www.thegioididong.com/dtdd-samsung-galaxy-s\" target=\"_blank\">d&ograve;ng Galaxy S</a>. Giờ đ&acirc;y, bạn c&oacute; thể dễ d&agrave;ng ph&aacute;c thảo, ghi ch&uacute; lại những &yacute; tưởng v&ocirc; c&ugrave;ng nhanh ch&oacute;ng với độ trễ đ&atilde; được cải thiện cho cảm gi&aacute;c viết vẽ v&ocirc; c&ugrave;ng ch&acirc;n thật.</p>\r\n\r\n<b>Cấu h&igrave;nh mạnh mẽ với Snapdragon 8 Gen 1</b>\r\n\r\n<p>Hiệu năng tr&ecirc;n Galaxy S22 Ultra 5G l&agrave; điều khỏi b&agrave;n c&atilde;i khi m&aacute;y sử dụng chip Snapdragon 8 Gen 1 v&ocirc; c&ugrave;ng mạnh mẽ với tiến tr&igrave;nh sản xuất 4 nm. Khi m&aacute;y chơi game cũng chỉ ấm l&ecirc;n một ch&uacute;t ở vị tr&iacute; cụm camera chứ kh&ocirc;ng ho&agrave;n to&agrave;n qu&aacute; n&oacute;ng như những sản phẩm kh&aacute;c khi d&ugrave;ng c&ugrave;ng con chip n&agrave;y.</p>\r\n\r\n<p>M&aacute;y dễ d&agrave;ng vượt qua được c&aacute;c tựa game Li&ecirc;n Qu&acirc;n, PUBG Mobile, c&agrave;i đặt cấu h&igrave;nh tối đa th&igrave; biểu đồ FPS tr&ecirc;n Galaxy S22 Ultra 5G vẫn kh&aacute; ổn định, kh&ocirc;ng bị drop qu&aacute; nhiều. Kể cả tựa game Genshin Impact ở mức đồ họa mặc định th&igrave; m&aacute;y chơi vẫn mượt m&agrave;, đồ họa hiển thị đẹp mắt.</p>\r\n\r\n<p>C&ograve;n n&oacute;i về c&aacute;c t&aacute;c vụ cơ bản như lướt web, đọc b&aacute;o, xem YouTube,... th&igrave; m&aacute;y ho&agrave;n th&agrave;nh một c&aacute;ch dễ d&agrave;ng, sử dụng mượt m&agrave;, khả năng đa nhiệm thoải m&aacute;i với&nbsp;<a href=\"https://www.thegioididong.com/dtdd-ram-8gb\" target=\"_blank\">RAM 8 GB</a>.</p>\r\n\r\n<p>&nbsp;</p>\r\n', '23000000', '2022-11-23 08:43:44'),
('SP005', 'Samsung Galaxy S21 Ultra 5G ', 'samsung-galaxy-s21-ultra-bac-600x600-1-200x200.jpg', '20', 'Phụ kiện', 'Samsung', '<b>Samsung &nbsp;từng bước khẳng định thương hiệu của m&igrave;nh bằng việc cho ra đời những mẫu flagship ng&agrave;y c&agrave;ng hiện đại với c&ocirc;ng nghệ tiến bộ. Điển h&igrave;nh l&agrave; chiếc điện thoại&nbsp; Samsung Galaxy S21 Ultra 5G 256 GB &nbsp;t&iacute;ch hợp mọi t&iacute;nh năng gần như trở th&agrave;nh mẫu&nbsp; smartphone &nbsp;ho&agrave;n hảo nhất.&nbsp;</b>\r\n\r\n<b>Thiết kế t&aacute;o bạo, dẫn đầu xu hướng</b>\r\n\r\n<p>Galaxy S21 Ultra 5G sở hữu thiết kế mang t&iacute;nh đột ph&aacute;, t&aacute;o bạo với d&agrave;n m&aacute;y ảnh mặt sau được bố tr&iacute; tinh tế trong khung viền h&igrave;nh chữ nhật &ocirc;m trọn cạnh tr&aacute;i của th&acirc;n m&aacute;y. &Yacute; tưởng thiết kế n&agrave;y gi&uacute;p S21 Ultra 5G tự tin sở hữu d&aacute;ng vẻ độc nhất v&ocirc; nhị giữa h&agrave;ng ng&agrave;n smartphone tr&ecirc;n thị trường hiện nay.</p>\r\n\r\n<p>Chiếc điện thoại l&agrave; mẫu flagship S đầu ti&ecirc;n của Samsung đi k&egrave;m chiếc b&uacute;t S-Pen c&ocirc;ng nghệ hiện đại, hỗ trợ người d&ugrave;ng sử dụng c&aacute;c t&aacute;c vụ tr&ecirc;n m&aacute;y theo c&aacute;ch mới, thuận tiện v&agrave; dễ d&agrave;ng hơn cho c&ocirc;ng việc cũng như trong học tập của bạn.</p>\r\n\r\n<b>Trang bị chipset mạnh mẽ vượt trội</b>\r\n\r\n<p>Samsung ưu &aacute;i d&agrave;nh bộ vi xử l&yacute; quy tr&igrave;nh 5 nm ph&aacute;t triển h&agrave;ng đầu của m&igrave;nh cho Galaxy S21 Ultra 5G, chip Exynos 2100 8 nh&acirc;n c&oacute; tốc độ xử l&yacute; l&ecirc;n đến 2.9 GHz. Kết hợp với&nbsp; 12 GB RAM &nbsp;cung cấp sức mạnh cho những trải nghiệm giải tr&iacute; nặng nhất của người d&ugrave;ng được bất tận, kh&ocirc;ng độ trễ, lag.</p>\r\n\r\n<p>Con chip n&agrave;y cũng được trang bị bộ xử l&yacute; c&aacute;c t&aacute;c vụ AI mới với 3 l&otilde;i c&oacute; thể thực thi tới 26 ngh&igrave;n tỷ hoạt động mỗi gi&acirc;y (TOPS) so với Exynos 990 chỉ l&agrave; 15 ngh&igrave;n tỷ, đem lại hiệu suất gần như gấp đ&ocirc;i.</p>\r\n\r\n<p>B&ecirc;n cạnh đ&oacute;, S21 Ultra 5G c&ograve;n hỗ trợ&nbsp; 5G &nbsp;internet si&ecirc;u tốc độ cho bạn khả năng đăng tải th&ocirc;ng tin, dữ liệu giờ đ&acirc;y chỉ được t&iacute;nh bằng gi&acirc;y. Điện thoại mang lại nguồn cảm hứng tr&agrave;n đầy trong những khung giờ giải tr&iacute; của người d&ugrave;ng.</p>\r\n\r\n<p>Đi k&egrave;m ứng dụng tăng hiệu suất Game Booster gi&uacute;p tối ưu h&oacute;a phần mềm n&acirc;ng cao trải nghiệm v&agrave; bộ nhớ trong l&ecirc;n đến&nbsp; 256 GB ROM , rộng mở kh&ocirc;ng gian lưu trữ để bạn lưu giữ mọi h&igrave;nh ảnh, dữ liệu đ&aacute;ng nhớ.</p>\r\n\r\n<b>C&ocirc;ng nghệ m&agrave;n h&igrave;nh chuẩn cao nhất</b>\r\n\r\n<p>Samsung Galaxy S21 Ultra 5G c&oacute; m&agrave;n h&igrave;nh lớn với k&iacute;ch thước 6.8 inch cho bạn kh&ocirc;ng gian giải tr&iacute; thoải m&aacute;i hơn. Hơn thế nữa, việc trang bị tấm nền&nbsp;Dynamic AMOLED 2X &nbsp;độ ph&acirc;n giải 2K+ đưa S21 Ultra 5G trở th&agrave;nh smartphone sở hữu m&agrave;n h&igrave;nh sống động, sắc n&eacute;t bậc nhất.</p>\r\n\r\n<p>&nbsp;</p>\r\n', '20000000', '2022-11-23 08:33:19'),
('SP006', 'Xiaomi Redmi Note 11', 'Xiaomi-redmi-note-11-blue-600x600.jpg', '12', 'Phụ kiện', 'Xiaomi', '<b><a href=\"https://www.thegioididong.com/dtdd/xiaomi-redmi-note-11-pro-5g\" target=\"_blank\">Điện thoại&nbsp;Xiaomi Redmi Note 11 Pro 5G</a>&nbsp;hội tụ đủ những yếu tố ấn tượng của một chiếc&nbsp;<a href=\"https://www.thegioididong.com/dtdd?p=tu-4-7-trieu\" target=\"_blank\">smartphone tầm trung</a>: Camera 108 MP số 1 ph&acirc;n kh&uacute;c, m&agrave;n h&igrave;nh AMOLED 120 Hz, pin 5000 mAh, sạc nhanh 67 W, hỗ trợ 5G c&ugrave;ng con chip Snapdragon 695 mạnh mẽ.</b>\r\n\r\n<b>Camera độ ph&acirc;n giải cao</b>\r\n\r\n<p>Redmi Note 11 Pro 5G c&oacute; camera ch&iacute;nh 108 MP,&nbsp;camera g&oacute;c si&ecirc;u rộng&nbsp;8 MP v&agrave; một camera macro 2 MP, m&aacute;y chỉ c&oacute; 3 camera v&agrave; kh&ocirc;ng c&oacute; camera x&oacute;a ph&ocirc;ng như&nbsp;Redmi Note 11 Pro 4G.&nbsp;</p>\r\n\r\n<p>Camera ch&iacute;nh 108 MP l&agrave; điểm nhấn đ&aacute;ng ch&uacute; &yacute; nhất của m&aacute;y, ở điều kiện đủ s&aacute;ng h&igrave;nh ảnh c&oacute; độ chi tiết cao, khi zoom ra kh&ocirc;ng bị mờ nhiều vẫn c&oacute; thể nh&igrave;n thấy c&aacute;c vật thể nhỏ ở xa.</p>\r\n\r\n<p>Chế độ chụp đ&ecirc;m vẫn t&aacute;i hiện được m&agrave;u sắc cảnh vật, nh&igrave;n chung th&igrave; ảnh chụp ban đ&ecirc;m c&oacute; chất lượng tương đối tốt, độ nhiễu &iacute;t, tuy nhi&ecirc;n cũng c&oacute; hiện tượng l&oacute;e s&aacute;ng ở c&aacute;c cột đ&egrave;n.&nbsp;</p>\r\n\r\n<p>Ở độ ph&acirc;n giải mặc định l&agrave; 12 MP th&igrave; h&igrave;nh ảnh vẫn c&oacute; độ chi tiết tốt, ảnh bắt đầu bị nhiễu hạt nhiều hơn khi điều kiện &aacute;nh s&aacute;ng giảm, nhưng nh&igrave;n chung vẫn ở mức kh&aacute;.</p>\r\n\r\n<p>Tuy kh&ocirc;ng c&oacute; camera x&oacute;a ph&ocirc;ng nhưng Redmi Note 11 Pro 5G vẫn c&oacute; thể chụp x&oacute;a ph&ocirc;ng, chất lượng đem lại vẫn rất ổn &aacute;p, x&oacute;a ph&ocirc;ng rất mịn v&agrave; n&eacute;t, kh&ocirc;ng bị lấn v&agrave;o chủ thể nhiều.</p>\r\n\r\n<p><a href=\"https://www.thegioididong.com/dtdd-camera-goc-rong\" target=\"_blank\">Điện thoại c&oacute; camera g&oacute;c si&ecirc;u rộng</a>&nbsp;8 MP gi&uacute;p chụp ảnh tập thể hay khung cảnh rộng lớn vẫn thoải m&aacute;i, tuy nhi&ecirc;n độ ph&acirc;n giải thấp hơn camera ch&iacute;nh n&ecirc;n độ chi tiết sẽ kh&ocirc;ng bằng.</p>\r\n\r\n<p>Camera macro 2 MP c&oacute; độ chi tiết kh&ocirc;ng qu&aacute; cao, mang lại h&igrave;nh ảnh ở mức chấp nhận được, t&aacute;i tạo m&agrave;u sắc ổn.</p>\r\n\r\n<p>Camera selfie 16 MP t&iacute;ch hợp l&agrave;m đẹp cho da trở n&ecirc;n l&aacute;ng mịn, m&ocirc;i hồng h&agrave;o hơn, l&agrave;m đẹp vừa phải kh&ocirc;ng bị ảo. M&igrave;nh c&oacute; thể t&ugrave;y chỉnh độ mức độ x&oacute;a ph&ocirc;ng để ảnh kh&ocirc;ng bị qu&aacute; lố, kh&ocirc;ng bị lẹm v&agrave;o c&aacute;c phần da, t&oacute;c.</p>\r\n\r\n<b>Hiệu năng ổn định, hỗ trợ 5G</b>\r\n\r\n<p><a href=\"https://www.thegioididong.com/dtdd-xiaomi\" target=\"_blank\">Điện thoại Xiaomi</a>&nbsp;sở hữu con chip Snapdragon 695 5G được đ&aacute;nh gi&aacute; tốt, khi chơi Asphalt 9 chất lượng đồ họa cao FPS ổn định ở mức 30, di chuyển tr&aacute;i phải mượt m&agrave;. Li&ecirc;n Qu&acirc;n Mobile chơi max cấu h&igrave;nh FPS ổn định ở mức 60, di chuyển mượt m&agrave;, combat ổn định, tung chi&ecirc;u nhanh, kh&ocirc;ng bị giật lag kể cả khi giao tranh tổng.</p>\r\n', '5290000', '2022-11-23 08:36:42'),
('SP007', 'Nokia G11 Plus', 'nokia-g11-plus-xanh-thumb-600x600.jpg', '20', 'Phụ kiện', 'Nokia', '<b>Nokia G11 Plus 64GB &nbsp;c&oacute; lẽ l&agrave; một sự lựa chọn l&yacute; tưởng d&agrave;nh cho những ai đang mong muốn t&igrave;m mua cho m&igrave;nh một chiếc smartphone gi&aacute; rẻ đ&aacute;p ứng tốt c&aacute;c nhu cầu nghe gọi hay xem phim. M&aacute;y được trang bị b&ecirc;n trong một cấu h&igrave;nh ổn định, m&agrave;n h&igrave;nh chất lượng c&oacute; k&iacute;ch thước lớn gi&uacute;p n&acirc;ng cao trải nghiệm h&agrave;ng ng&agrave;y của bạn.</b>\r\n\r\n<b>M&agrave;n h&igrave;nh lớn hỗ trợ 90 Hz, v&acirc;n tay tiện dụng</b>\r\n\r\n<p><a href=\"https://www.thegioididong.com/dtdd-nokia\" target=\"_blank\">Nokia</a>&nbsp;trang bị cho G11 Plus m&agrave;n h&igrave;nh k&iacute;ch thước lớn 6.51 inch với độ ph&acirc;n giải HD+ (720 x 1600 Pixels) đủ để hiện thị sắc n&eacute;t h&igrave;nh ảnh. Hơn nữa m&agrave;n h&igrave;nh c&ograve;n hỗ trợ tốc độ l&agrave;m tươi 90 Hz gi&uacute;p phản hồi một c&aacute;ch mượt m&agrave; trong c&aacute;c thao t&aacute;c cuộn v&agrave; lướt.</p>\r\n\r\n<p>Thiết bị c&oacute; một cảm biến v&acirc;n tay h&igrave;nh tr&ograve;n được đặt ở vị tr&iacute; mặt lưng tương tự như những&nbsp;<a href=\"https://www.thegioididong.com/dtdd\" target=\"_blank\">điện thoại</a>&nbsp;gi&aacute; rẻ kh&aacute;c đang c&oacute; mặt tr&ecirc;n thị trường. Nhờ đ&oacute; người d&ugrave;ng c&oacute; thể mở kh&oacute;a một c&aacute;ch nhanh ch&oacute;ng v&agrave; tiện lợi chỉ với một thao t&aacute;c chạm đơn giản, th&ecirc;m an to&agrave;n v&agrave; bảo mật th&ocirc;ng tin c&aacute; nh&acirc;n hơn.</p>\r\n\r\n<b>Hiệu năng ổn định, y&ecirc;n t&acirc;m d&ugrave;ng l&acirc;u d&agrave;i</b>\r\n\r\n<p>Nokia trang bị cho m&aacute;y bộ vi xử l&yacute; Unisoc T606 sản xuất bằng quy tr&igrave;nh 12 nm hứa hẹn mang lại hiệu năng ổn định khi sử dụng c&aacute;c t&aacute;c vụ cơ bản h&agrave;ng ng&agrave;y.&nbsp;<a href=\"https://www.thegioididong.com/dtdd-ram-3gb\" target=\"_blank\">Điện thoại RAM 3 GB</a>, bộ nhớ trong lớn 64 GB tha hồ lưu trữ ảnh, nhạc v&agrave; video.</p>\r\n\r\n<p>Đặc biệt&nbsp;Nokia G11 Plus c&ograve;n được c&agrave;i đặt sẵn hệ điều h&agrave;nh Android 12 hiện đại, nh&agrave; sản xuất hứa hẹn sẽ cung cấp bản cập nhật trong 3 năm bảo mật h&agrave;ng th&aacute;ng, để người d&ugrave;ng an t&acirc;m hơn về vấn đề bảo vệ dữ liệu trong qu&aacute; tr&igrave;nh sử dụng.</p>\r\n\r\n<b>Pin tr&acirc;u d&ugrave;ng ba ng&agrave;y, camera chụp ảnh sắc n&eacute;t</b>\r\n\r\n<p>Nokia trang bị cho G11 Plus vi&ecirc;n pin 5000 mAh, h&atilde;ng cho biết thiết bị c&oacute; thể cho thời lượng sử dụng cao l&ecirc;n đến ba ng&agrave;y với c&aacute;c t&aacute;c vụ cơ bản được Nokia thử nghiệm.&nbsp;</p>\r\n\r\n<p>B&ecirc;n cạnh đ&oacute;,&nbsp;G11 Plus c&ograve;n được trang bị camera ch&iacute;nh c&oacute; độ ph&acirc;n giải cao l&ecirc;n đến 50 MP để người d&ugrave;ng c&oacute; thể chụp được những bức ảnh với độ sắc n&eacute;t cao, c&ugrave;ng một cảm biến độ s&acirc;u 2 MP chuy&ecirc;n chụp ảnh ch&acirc;n dung. Mặt trước thiết bị c&oacute; một camera 8 MP để chụp ảnh selfie v&agrave; thực hiện cuộc gọi video.</p>\r\n\r\n<p>Nokia G11 Plus được đ&aacute;nh gi&aacute; cao nhờ được trang bị những th&ocirc;ng số ấn tượng khi so với c&aacute;c sản phẩm kh&aacute;c trong c&ugrave;ng ph&acirc;n kh&uacute;c. M&agrave;n h&igrave;nh 90 Hz tạo cảm gi&aacute;c mượt m&agrave; khi sử dụng, camera 50 MP chụp ảnh sắc n&eacute;t v&agrave; đặc biệt hỗ trợ cập nhật phần mềm l&ecirc;n đến ba năm.</p>\r\n', '9000000', '2022-11-23 08:36:12'),
('SP008', 'Nokia C21 Plus', 'nokia-c21-plus-600x600.jpg', '20', 'Phụ kiện', 'Nokia', '<b>Mới đ&acirc;y&nbsp;<a href=\"https://www.thegioididong.com/dtdd/nokia-c21-plus-32gb\" target=\"_blank\">Nokia C21 Plus 32GB</a>&nbsp;đ&atilde; ch&iacute;nh thức được cho ra mắt tại thị trường Việt Nam, m&aacute;y sở hữu một vi&ecirc;n pin lớn 5050 mAh, cụm camera k&eacute;p nổi bật v&agrave; một hệ điều h&agrave;nh ổn định (06/2022).</b>\r\n\r\n<b>Vi xử l&yacute; 8 nh&acirc;n ổn định</b>\r\n\r\n<p><a href=\"https://www.thegioididong.com/dtdd\" target=\"_blank\">Điện thoại</a>&nbsp;được trang bị bộ vi xử l&yacute; Spreadtrum SC9863A 8 nh&acirc;n với tốc độ xung nhịp cao nhất 1.6 GHz, đi c&ugrave;ng với RAM 3 GB v&agrave; bộ nhớ trong 32 GB, mở rộng bộ nhớ trong tối đa 256 GB nhờ thẻ ngo&agrave;i MicroSD.</p>\r\n\r\n<p><a href=\"https://www.thegioididong.com/dtdd-nokia\" target=\"_blank\">Điện thoại Nokia</a>&nbsp;đ&atilde; sử dụng hệ điều h&agrave;nh Android 11 (Go Edition) thuần Google cho bạn một giao diện đơn giản, hiệu năng tốt với c&aacute;c t&aacute;c vụ đơn giản. Đồng thời nh&agrave; sản xuất đ&atilde; cam kết sẽ hỗ trợ 2 năm cho c&aacute;c bản cập nhật v&aacute; bảo mật theo từng qu&yacute;.</p>\r\n\r\n<p>B&ecirc;n cạnh đ&oacute; Nokia trang bị vi&ecirc;n pin c&oacute; dung lượng 5050 mAh k&egrave;m sạc 10 W, sạc qua cổng Micro USB. Nhưng b&ugrave; lại thời lượng sử dụng c&oacute; thể k&eacute;o d&agrave;i l&ecirc;n đến 2-3 ng&agrave;y chỉ sau một lần sạc (với c&aacute;c t&aacute;c vụ cơ bản, kết quả trong ph&ograve;ng th&iacute; nghiệm Nokia).</p>\r\n\r\n<b>Chụp ảnh tốt trong điều kiện đủ s&aacute;ng</b>\r\n\r\n<p>Sở hữu cho m&igrave;nh cụm camera sau với cảm biến ch&iacute;nh c&oacute; độ ph&acirc;n giải 13 MP &amp; phụ 2 MP v&agrave; c&oacute; th&ecirc;m được những t&iacute;nh năng cần thiết cho việc chụp ảnh: HDR, x&oacute;a ph&ocirc;ng,...</p>\r\n\r\n<p>Hệ thống camera của Nokia C21 Plus sẽ cho ra h&igrave;nh ảnh r&otilde; n&eacute;t trong điều kiện đủ s&aacute;ng. Cảm biến trước c&oacute; độ ph&acirc;n giải 5 MP hỗ trợ bạn trong c&ocirc;ng việc v&agrave; học tập online cũng như d&ugrave;ng để mở kh&oacute;a khu&ocirc;n mặt.</p>\r\n\r\n<p>&nbsp;</p>\r\n', '5000000', '2022-11-21 14:32:56'),
('SP009', 'Oppo A93', 'a93-8gb128gb_main_618_1020.png.webp', '14', 'Phụ kiện', 'Oppo', '<b>OPPO &nbsp;đ&atilde; tung ra&nbsp; OPPO A93 &nbsp;d&ograve;ng sản&nbsp;phẩm thuộc ph&acirc;n kh&uacute;c&nbsp; điện thoại tầm trung &nbsp;được xem l&agrave; tiếp nối từ&nbsp; OPPO A92 &nbsp;với nhiều điểm được n&acirc;ng cấp như hiệu năng, hệ thống camera c&ugrave;ng khả năng sạc nhanh 18 W.</b>\r\n\r\n<b>Hiệu năng vượt trội c&ugrave;ng với Helio P95</b>\r\n\r\n<p>OPPO A93 được trang bị chipset MediaTek Helio P95 tốc độ CPU đạt 2.2 GHz với sức mạnh như thế n&agrave;y th&igrave; A93 sẽ kh&ocirc;ng l&agrave;m bạn thất vọng khi c&oacute; thể hoạt động tốt với nhiều ứng dụng nặng hay thao t&aacute;c cuộn trang đều diễn ra trơn tru cảm gi&aacute;c như kh&ocirc;ng c&oacute; độ trễ.</p>\r\n\r\n<p>Ấn tượng hơn khi bộ nhớ RAM đến 8 GB gi&uacute;p m&aacute;y c&oacute; thể thao t&aacute;c tr&ecirc;n nhiều ứng dụng c&ugrave;ng l&uacute;c m&agrave; kh&ocirc;ng c&oacute; hiện tượng&nbsp;giật lag n&acirc;ng cao trải nghiệm người d&ugrave;ng.</p>\r\n\r\n<p>Đo tr&ecirc;n Antutu th&igrave; OPPO A93&nbsp;đạt 201.029 điểm, con số kh&aacute; cao&nbsp;đảm bảo mọi hoạt&nbsp;động&nbsp;đều mượt m&agrave; v&agrave; gi&uacute;p&nbsp;<a href=\"https://www.thegioididong.com/dtdd-choi-game\" target=\"_blank\">điện thoại chơi game</a>&nbsp;đồ hoạ nặng như Li&ecirc;n Qu&acirc;n cũng kh&ocirc;ng th&agrave;nh vấn&nbsp;đề.</p>\r\n\r\n<p>V&agrave; c&oacute; bộ nhớ trong 128 GB thoải m&aacute;i lưu trữ mọi dữ liệu, nếu chưa đủ th&igrave; m&aacute;y vẫn hỗ trợ thẻ nhớ ngo&agrave;i MicroSD tối đa 256 GB cho bạn th&ecirc;m nhiều kh&ocirc;ng gian lưu trữ hơn.</p>\r\n\r\n<p>Mặc kh&aacute;c, OPPO A93 được c&agrave;i đặt sẵn hệ điều h&agrave;nh Android 10 tr&ecirc;n giao diện Color OS 7.2 với những t&iacute;nh năng th&ocirc;ng minh chắc chắn sẽ rất th&uacute; vị.</p>\r\n\r\n<p>B&ecirc;n cạnh đ&oacute;, m&aacute;y t&iacute;ch hợp HyperEngine c&ocirc;ng nghệ d&agrave;nh cho tr&ograve; chơi gi&uacute;p bạn n&acirc;ng cao trải nghiệm chơi th&ocirc;ng qua chất lượng h&igrave;nh ảnh bắt mắt, di chuyển mượt m&agrave; nhất trong bất kỳ thế giới trực tuyến n&agrave;o như Li&ecirc;n Qu&acirc;n Mobile.</p>\r\n', '9000000', '2022-11-23 08:28:01'),
('SP010', 'OPPO Reno7', 'OPPO-Reno7-4G-Thumb-cam-1-600x600.jpg', '20', 'Phụ kiện', 'Oppo', '<b><a href=\"https://www.thegioididong.com/dtdd/oppo-reno7-4g\" target=\"_blank\">OPPO Reno7 4G</a>&nbsp;ra mắt với một diện mạo v&ocirc; c&ugrave;ng nổi bật v&agrave; bộ th&ocirc;ng số ấn tượng cả về hiệu suất lẫn khả năng chụp ảnh, nhằm gi&uacute;p kh&aacute;ch h&agrave;ng c&oacute; th&ecirc;m lựa chọn trong ph&acirc;n kh&uacute;c tầm trung.</b>\r\n\r\n<b>Diện mạo cao cấp chưa từng c&oacute;</b>\r\n\r\n<p>Ấn tượng đầu ti&ecirc;n khi m&agrave; m&igrave;nh nh&igrave;n ngắm trực tiếp chiếc&nbsp;<a href=\"https://www.thegioididong.com/dtdd\" target=\"_blank\">điện thoại</a>&nbsp;OPPO Reno7 4G l&agrave; về vẻ ngo&agrave;i, với mặt lưng được thiết kế từ da sợi thủy tinh* v&agrave; rất kh&oacute; c&oacute; thể nhận biết được nếu chưa cầm nắm tr&ecirc;n tay, gi&uacute;p thiết bị trở n&ecirc;n cực kỳ cao cấp.</p>\r\n\r\n<p>Với mặt lưng giả da cao cấp, mang đến cho m&igrave;nh một cảm gi&aacute;c cầm nắm kh&aacute; l&agrave; chắc chắn bởi m&aacute;y c&oacute; độ b&aacute;m cao, t&igrave;nh trạng lưu dấu v&acirc;n tay v&agrave; mồ h&ocirc;i cũng được khắc phục đ&aacute;ng kể.</p>\r\n\r\n<p>Bộ khung của OPPO Reno7 4G được l&agrave;m từ nhựa phủ sơn kim loại c&ugrave;ng kiểu thiết kế vu&ocirc;ng vức tr&ocirc;ng rất hợp xu hướng hiện nay, b&ecirc;n cạnh đ&oacute; n&oacute; c&ograve;n mang đến khả năng hạn chế trầy xước ở phần khung nhờ lớp sơn cao cấp b&ecirc;n ngo&agrave;i.</p>\r\n\r\n<p>Nổi bật ở phần mặt lưng l&agrave; cụm camera được thiết kế trong một m&ocirc; đun hơi vu&ocirc;ng vắn c&ugrave;ng hai tone m&agrave;u trắng - đen cực kỳ nổi bật.</p>\r\n\r\n<p>Một điều th&uacute; vị nữa l&agrave;&nbsp;<a href=\"https://www.thegioididong.com/dtdd-oppo\" target=\"_blank\">OPPO</a>&nbsp;trang bị cho m&aacute;y một d&atilde;y đ&egrave;n được bố tr&iacute; ph&iacute;a dưới camera ch&iacute;nh gọi l&agrave; &ldquo;đ&egrave;n thở&rdquo;, d&atilde;y đ&egrave;n n&agrave;y được k&iacute;ch hoạt khi thiết bị c&oacute; th&ocirc;ng b&aacute;o, sạc pin hay khởi chạy tr&ograve; chơi nh&igrave;n rất l&agrave; cuốn mắt.</p>\r\n', '5000000', '2022-11-23 08:19:09'),
('SP011', ' iPhone 11', 'iphone-xi-xanhla-600x600.jpg', '20', 'Phụ kiện', 'Iphone', '<b>Apple đ&atilde; ch&iacute;nh thức tr&igrave;nh l&agrave;ng bộ 3 si&ecirc;u phẩm iPhone 11, trong đ&oacute; phi&ecirc;n bản&nbsp;<a href=\"https://www.topzone.vn/iphone/iphone-11\" target=\"_blank\">iPhone 11 64GB</a>&nbsp;c&oacute; mức gi&aacute; rẻ nhất nhưng vẫn được n&acirc;ng cấp mạnh mẽ như&nbsp;<a href=\"https://www.thegioididong.com/dtdd/iphone-xr-128gb\" target=\"_blank\">iPhone Xr</a>&nbsp;ra mắt&nbsp;trước đ&oacute;.</b>\r\n\r\n<b>N&acirc;ng cấp mạnh mẽ về camera</b>\r\n\r\n<p>N&oacute;i về n&acirc;ng cấp th&igrave; camera ch&iacute;nh l&agrave; điểm c&oacute; nhiều cải tiến nhất tr&ecirc;n thế hệ&nbsp;<a href=\"https://www.thegioididong.com/dtdd-apple-iphone\" target=\"_blank\">iPhone</a>&nbsp;mới.</p>\r\n\r\n<p>Nếu như trước đ&acirc;y iPhone Xr chỉ c&oacute; một camera th&igrave; nay với&nbsp;<a href=\"https://www.topzone.vn/iphone-11\" target=\"_blank\">iPhone 11</a>&nbsp;ch&uacute;ng ta sẽ c&oacute; tới hai camera ở mặt sau.</p>\r\n\r\n<p>Ngo&agrave;i camera ch&iacute;nh vẫn c&oacute; độ ph&acirc;n giải 12 MP th&igrave; ch&uacute;ng ta sẽ c&oacute; th&ecirc;m một camera g&oacute;c si&ecirc;u rộng v&agrave; cũng với độ ph&acirc;n giải tương tự.</p>\r\n\r\n<p>Theo Apple th&igrave; việc chuyển đổi qua lại giữa hai ống k&iacute;nh th&igrave; sẽ kh&ocirc;ng l&agrave;m thay đổi m&agrave;u sắc của bức ảnh.</p>\r\n\r\n<p>Đ&acirc;y l&agrave; một điều được xem l&agrave; bước ngoặt bởi những chiếc&nbsp;<a href=\"https://www.thegioididong.com/dtdd\" target=\"_blank\">smartphone</a>&nbsp;Android c&oacute; nhiều camera hiện nay sẽ thường bị sai lệch về m&agrave;u sắc khi chuyển đổi qua lại giữa c&aacute;c ống k&iacute;nh g&acirc;y cảm gi&aacute;c kh&aacute; kh&oacute; chịu cho người d&ugrave;ng.</p>\r\n\r\n<p>B&ecirc;n cạnh đ&oacute; với iPhone 11 th&igrave; đ&acirc;y sẽ l&agrave; lần đầu ti&ecirc;n Apple trang bị khả năng chụp đ&ecirc;m l&ecirc;n chiếc iPhone của m&igrave;nh.</p>\r\n\r\n<p>Theo trải nghiệm th&igrave; t&iacute;nh năng n&agrave;y hoạt động rất hiệu quả đặc biệt trong những m&ocirc;i trường cực kỳ thiếu s&aacute;ng.</p>\r\n\r\n<p>K&iacute;ch hoạt chế độ chụp đ&ecirc;m sẽ do iPhone tự quyết định việc của bạn chỉ cần đưa m&aacute;y l&ecirc;n v&agrave; chụp, rất đơn giản.</p>\r\n', '11990000', '2022-11-23 08:19:28');
INSERT INTO `san_pham` (`ma_san_pham`, `ten_san_pham`, `anh`, `so_luong`, `id_kieu`, `ten_nhan_hieu`, `thong_tin`, `gia`, `create_at`) VALUES
('SP012', 'Xiaomi Redmi A1', 'Xiaomi-Redmi-A1-green-thumb-600x600.jpg', '20', 'Phụ kiện', 'Xiaomi', '<b>Mới đ&acirc;y chiếc điện thoại&nbsp;<a href=\"https://www.thegioididong.com/dtdd/xiaomi-redmi-a1\" target=\"_blank\">Xiaomi Redmi A1</a>&nbsp;cũng đ&atilde; được nh&agrave; Xiaomi ch&iacute;nh thức cho ra mắt c&ugrave;ng một mức gi&aacute; b&aacute;n kh&aacute; ấn tượng, ph&ugrave; hợp với những bạn học sinh - sinh vi&ecirc;n đang mong muốn chọn mua cho m&igrave;nh một thiết bị c&oacute; gi&aacute; th&agrave;nh vừa phải nhằm đ&aacute;p ứng nhu cầu học tập cũng như tra cứu th&ocirc;ng tin nhẹ nh&agrave;ng.<b>\r\n\r\n<b>Thiết kế trẻ trung</b>\r\n\r\n<p>Sở hữu thiết kế giả da sang trọng mang đến cho thiết bị một diện mạo cuốn h&uacute;t thời trang, đi k&egrave;m với đ&oacute; sẽ l&agrave; những m&agrave;u sắc v&ocirc; c&ugrave;ng c&aacute; t&iacute;nh v&agrave; trẻ trung.</p>\r\n\r\n<p>C&aacute;c ph&iacute;m nguồn hay tăng/giảm &acirc;m lượng cũng đ&atilde; được bố tr&iacute; hết sang một b&ecirc;n để người d&ugrave;ng c&oacute; thể thuận tiện hơn trong việc thao t&aacute;c. Ph&iacute;a cạnh dưới điện thoại sẽ l&agrave; jack tai nghe 3.5 mm đi c&ugrave;ng với cổng sạc Micro USB v&agrave; micro thoại.</p>\r\n\r\n<b>Sở hữu m&agrave;n h&igrave;nh lớn</b>\r\n\r\n<p>Được trang bị một m&agrave;n h&igrave;nh k&iacute;ch thước 6.52 inch c&oacute; độ ph&acirc;n giải HD+ (720 x 1600 Pixels), với khả năng t&aacute;i hiện h&igrave;nh ảnh tương đối r&otilde; n&eacute;t để người d&ugrave;ng c&oacute; thể xem phim, đọc tin tức một c&aacute;ch thoải m&aacute;i</p>\r\n\r\n<p>Lần n&agrave;y nh&agrave; sản xuất t&iacute;ch hợp cho chiếc điện thoại của m&igrave;nh một tấm nền IPS LCD c&oacute; thể t&aacute;i hiện m&agrave;u sắc ch&acirc;n thực v&agrave; g&oacute;c nh&igrave;n tương đối rộng.</p>\r\n\r\n<b>T&iacute;ch hợp bộ đ&ocirc;i camera</b>\r\n\r\n<p>Tuy l&agrave; một thiết bị c&oacute; mức gi&aacute; b&aacute;n kh&ocirc;ng qu&aacute; cao nhưng h&atilde;ng&nbsp;<a href=\"https://www.thegioididong.com/dtdd-xiaomi\" target=\"_blank\">điện thoại Xiaomi</a>&nbsp;lại rất l&agrave; h&agrave;o ph&oacute;ng khi bổ sung tận hai ống k&iacute;nh, trong đ&oacute; camera ch&iacute;nh c&oacute; độ ph&acirc;n giải 8 MP. Kh&ocirc;ng chỉ đem đến những bức ảnh c&oacute; chất lượng tốt hơn m&agrave; Redmi A1 cũng sẽ mang lại cho người d&ugrave;ng nhiều t&iacute;nh năng chụp ảnh để bạn c&oacute; thể thỏa sức nhiếp ảnh tr&ecirc;n chiếc&nbsp;<a href=\"https://www.thegioididong.com/dtdd\" target=\"_blank\">điện thoại</a>&nbsp;của m&igrave;nh.</p>\r\n\r\n<p>Ph&iacute;a b&ecirc;n trong phần giọt nước sẽ l&agrave; camera selfie c&oacute; độ ph&acirc;n giải 5 MP, được hỗ trợ đầy đủ c&aacute;c t&iacute;nh năng từ l&agrave;m đẹp cho đến x&oacute;a ph&ocirc;ng, nhằm gi&uacute;p người d&ugrave;ng thể sở hữu những tấm ảnh chất lượng hay call video với bạn b&egrave; được r&otilde; n&eacute;t.</p>\r\n\r\n<b>Hiệu năng ổn định</b>\r\n\r\n<p>Lần n&agrave;y Xiaomi trang bị cho m&aacute;y bộ vi xử l&yacute; Helio A22 được sản xuất bởi MediaTek, đảm bảo thiết bị của bạn c&oacute; thể vận h&agrave;nh ổn định khi sử dụng cho c&aacute;c t&aacute;c vụ li&ecirc;n lạc, lướt web hay xem phim.</p>\r\n\r\n<p>&nbsp;</p>\r\n', '2190000', '2022-11-23 08:23:37'),
('SP013', 'Samsung Galaxy A53 5G', 'Samsung-Galaxy-A53-xanh-thumb-600x600.jpg', '20', 'Phụ kiện', 'Samsung', '<b>Samsung Galaxy A53 5G 128GB &nbsp;tr&igrave;nh l&agrave;ng với một thiết kế hiện đại, hiệu năng ổn định c&ugrave;ng một m&agrave;n h&igrave;nh hiển thị sắc n&eacute;t, hỗ trợ tần số qu&eacute;t cao gi&uacute;p bạn c&oacute; được những ph&uacute;t gi&acirc;y giải tr&iacute; cực kỳ đ&atilde; mắt, hay thỏa m&atilde;n đam m&ecirc; nhiếp ảnh trong bạn nhờ trang bị camera c&oacute; độ ph&acirc;n giải cao.</g>\r\n\r\n<b>M&agrave;u sắc hiển thị rực rỡ</b>\r\n\r\n<p>M&aacute;y trang bị tấm nền Super AMOLED với k&iacute;ch thước m&agrave;n h&igrave;nh l&ecirc;n đến 6.5 inch&nbsp;mang đến h&igrave;nh ảnh đầy m&agrave;u sắc, độ tương phản cao, tối ưu năng lượng ti&ecirc;u hao&nbsp;v&agrave; kh&ocirc;ng gian hiển thị đầy đủ, bao qu&aacute;t.</p>\r\n\r\n<p>Sở hữu độ ph&acirc;n giải Full HD+ (1080 x 2400 Pixels) gi&uacute;p h&igrave;nh ảnh được&nbsp;hiển thị sắc n&eacute;t, độ chi tiết cao, đem đến cho m&igrave;nh cảm gi&aacute;c ch&acirc;n thực tr&ecirc;n từng t&aacute;c vụ giải tr&iacute; khi trải nghiệm qua con m&aacute;y n&agrave;y.</p>\r\n\r\n<p>C&aacute;c cử chỉ vuốt chạm khi m&igrave;nh thao t&aacute;c cho thấy m&aacute;y mang đến trải nghiệm cực kỳ mượt m&agrave; nhờ hỗ trợ tần số qu&eacute;t 120 Hz, ngo&agrave;i ra người d&ugrave;ng ho&agrave;n to&agrave;n c&oacute; thể t&ugrave;y chỉnh tần số qu&eacute;t ở hai mức độ 60 Hz v&agrave; 120 Hz cho ph&ugrave; hợp với t&aacute;c vụ sử dụng nhằm tiết kiệm điện năng.</p>\r\n\r\n<b>Đa dạng m&agrave;u sắc trẻ trung</b>\r\n\r\n<p>Ra mắt 4 phi&ecirc;n bản m&agrave;u sắc nhằm đa dạng t&ugrave;y chọn đến với kh&aacute;ch h&agrave;ng, c&ugrave;ng với đ&oacute; l&agrave; tone m&agrave;u pastel mang đến vẻ trẻ trung v&agrave; tươi mới, ph&ugrave; hợp với c&aacute;c bạn trẻ năng động, c&aacute; t&iacute;nh hay những ai y&ecirc;u th&iacute;ch c&aacute;c tone m&agrave;u dịu &ecirc;m.</p>\r\n\r\n<p>Galaxy A53 5G sử dụng lối thiết kế phẳng, đem lại c&aacute;i nh&igrave;n rất hợp xu hướng v&agrave; thời thượng. C&aacute;c cạnh được bo cong mềm mại mang đến cho m&igrave;nh cảm gi&aacute;c cầm nắm rất thoải m&aacute;i, sử dụng l&acirc;u d&agrave;i m&agrave; kh&ocirc;ng cảm thấy qu&aacute; cấn tay.</p>\r\n\r\n<p>M&aacute;y được thiết kế nguy&ecirc;n khối từ nhựa cao cấp nhằm tối ưu khối lượng v&agrave; mặt lưng gia c&ocirc;ng nh&aacute;m gi&uacute;p hạn chế c&aacute;c vết b&aacute;m v&acirc;n tay v&agrave; mồ h&ocirc;i kh&aacute; tốt, điều n&agrave;y thực sự rất hữu &iacute;ch đối với những ai thường ra mồ h&ocirc;i tay như c&aacute; nh&acirc;n m&igrave;nh.</p>\r\n\r\n<b>Ảnh chụp c&oacute; chi tiết cao, nhiều t&iacute;nh năng mới mẻ</b>\r\n\r\n<p>Trang bị ở phần mặt lưng l&agrave; cụm camera được thiết kế &quot;hiệu ứng nổi 3D&quot; rất nổi bật với 4 camera b&ecirc;n trong, gi&uacute;p bạn c&oacute; được những bức ảnh sắc n&eacute;t hơn nhờ t&iacute;ch hợp nhiều t&iacute;nh năng mới mẻ v&agrave; bộ th&ocirc;ng số ấn tượng như: Camera ch&iacute;nh 64 MP,&nbsp;camera g&oacute;c si&ecirc;u rộng &nbsp;12 MP v&agrave; hai camera phụ 5 MP.</p>\r\n', '10000000', '2022-11-23 08:25:01'),
('SP014', 'Samsung Galaxy A23 6GB', 'samsung-galaxy-a23-xanh-thumb-600x600.jpg', '15', 'Phụ kiện', 'Iphone', '<b>Được&nbsp;Samsung &nbsp;cho ra mắt v&agrave;o 03/2022 -&nbsp; Samsung Galaxy A23 6GB &nbsp;c&oacute; một thiết kế trẻ trung c&ugrave;ng bộ th&ocirc;ng số kỹ thuật kh&aacute; ấn tượng trong tầm gi&aacute;, đ&aacute;p ứng nhu cầu sử dụng cả ng&agrave;y một c&aacute;ch ổn định nhờ trang bị chipset đến từ nh&agrave; Qualcomm v&agrave; một vi&ecirc;n pin dung lượng khủng.</b>\r\n\r\n<b>Trải nghiệm mượt m&agrave; tr&ecirc;n mọi t&aacute;c vụ</b>\r\n\r\n<p>Trang bị trong m&aacute;y l&agrave; bộ vi xử l&yacute; Snapdragon 680 8 nh&acirc;n với mức xung nhịp tối đa l&ecirc;n đến 2.4 GHz, cho ra trải nghiệm theo m&igrave;nh đ&aacute;nh gi&aacute; l&agrave; kh&aacute; mượt m&agrave;, thao t&aacute;c c&ocirc;ng việc h&agrave;ng ng&agrave;y như nhắn tin, lướt web nhanh ch&oacute;ng, kh&ocirc;ng thấy xuất hiện t&igrave;nh trạng giật lag.</p>\r\n\r\n<p>Ở tựa game Li&ecirc;n Qu&acirc;n Mobile m&igrave;nh c&oacute; trải nghiệm tr&ecirc;n Galaxy A23 với mức cấu h&igrave;nh cao c&ugrave;ng chế độ 60 FPS cho ra trải nghiệm tạm ổn, h&igrave;nh ảnh nh&acirc;n vật hiển thị r&otilde; n&eacute;t, ch&acirc;n thực.</p>\r\n\r\n<p>Trường hợp drop FPS vẫn c&ograve;n xuất hiện tuy nhi&ecirc;n kh&ocirc;ng qu&aacute; đ&aacute;ng kể, khung h&igrave;nh được giao động ổn định loanh quanh mức 55 - 60.</p>\r\n\r\n<p>Tr&ograve; chơi thứ 2 m&igrave;nh c&oacute; thử qua l&agrave; PUBG Mobile, ở mức đồ họa mượt v&agrave; tốc độ khung h&igrave;nh cao cho ra những ph&uacute;t gi&acirc;y chiến game kh&aacute; ổn, t&igrave;nh trạng giật lag, tụt khung h&igrave;nh vẫn xảy ra khi m&igrave;nh tham chiến ở c&aacute;c vị tr&iacute; đ&ocirc;ng người với tốc độ khung h&igrave;nh dao động tầm 25 - 29 FPS.</p>\r\n\r\n<p>Galaxy A23 sở hữu&nbsp;RAM 6 GB &nbsp;gi&uacute;p m&igrave;nh thao t&aacute;c c&aacute;c c&ocirc;ng việc h&agrave;ng ng&agrave;y kh&aacute; tốt, đa nhiệm mượt m&agrave; v&agrave; kh&ocirc;ng thấy xuất hiện việc tải lại ứng dụng khi mở nhiều app c&ugrave;ng một l&uacute;c. Để hỗ trợ cho c&aacute;c t&aacute;c vụ n&acirc;ng cao đ&ograve;i hỏi RAM khủng, Samsung hỗ trợ cho m&aacute;y t&iacute;nh năng &ldquo;RAM Plus&rdquo; gi&uacute;p mở rộng bộ nhớ RAM l&ecirc;n đến 10 GB (6 GB mặc định + 4 GB mở rộng).</p>\r\n\r\n<b>C&ugrave;ng bạn ghi lại mọi khoảnh khắc</b>\r\n\r\n<p>M&aacute;y trang bị cụm camera sau với camera ch&iacute;nh 50 MP, camera g&oacute;c si&ecirc;u rộng 5 MP c&ugrave;ng cảm biến x&oacute;a ph&ocirc;ng, macro c&oacute; c&ugrave;ng độ ph&acirc;n giải 2 MP, đem lại khả năng chụp ảnh sắc n&eacute;t v&agrave; hỗ trợ nhiều t&iacute;nh năng.</p>\r\n\r\n<p>Khi m&igrave;nh chụp ảnh ngo&agrave;i trời với Galaxy A23 cho thấy bức ảnh thu lại c&oacute; độ chi tiết cao, m&agrave;u sắc tươi tắn, xử l&yacute; ảnh l&uacute;c chụp ngược s&aacute;ng kh&aacute; tốt, t&igrave;nh trạng vỡ n&eacute;t sau khi chỉnh sửa cũng được cải thiện đ&aacute;ng kể nhờ bức h&igrave;nh thu được c&oacute; độ ph&acirc;n giải l&ecirc;n đến 50 MP.</p>\r\n', '6190000', '2022-11-23 08:26:33'),
('SP015', 'Samsung Galaxy A33 5G 6GB', 'samsung-galaxy-a33-5g-xanh-thumb-600x600.jpg', '19', 'Điện thoại', 'Samsung', 'Samsung Galaxy A33 5G 6GB ra mắt vào ngày 17/03, được xem là bản cập nhật khá lớn so với thế hệ tiền nhiệm Galaxy A32 về thiết kế đến thông số kỹ thuật bên trong, nhằm mang đến vẻ ngoài đẹp mắt cũng như cạnh tranh trực tiếp ở phần hiệu năng đối với các đối thủ cùng phân khúc giá', '7290000', '2022-11-22 09:23:55'),
('SP016', 'VIVO V25E', 'vivo-v25e-vang-thumb-1-2-600x600.jpg', '15', 'Điện thoại', 'ViVo', '<p><strong>C&ugrave;ng với&nbsp;<a href=\"#\" target=\"_blank\">Vivo V25</a>, nh&agrave; sản xuất Trung Quốc cũng đ&atilde; tung ra thị trường mẫu điện thoại&nbsp;<a href=\"#\" target=\"_blank\">Vivo V25E</a>&nbsp;mới sở hữu thiết kế v&ocirc; c&ugrave;ng hiện đại v&agrave; độc đ&aacute;o với mặt lưng k&iacute;nh c&oacute; thể thay đổi m&agrave;u sắc, camera 64 MP hỗ trợ OIS v&agrave; sạc nhanh 44 W, đ&aacute;p ứng đầy đủ nhu cầu của người d&ugrave;ng.</strong></p>\r\n\r\n<p><strong>Thiết kế đẳng cấp với mặt lưng thay đổi m&agrave;u sắc</strong></p>\r\n\r\n<p><a href=\"#\" target=\"_blank\">Điện thoại Vivo V</a>&nbsp;kh&ocirc;ng chỉ sở hữu ng&ocirc;n ngữ thiết kế hiện đại với cạnh viền v&aacute;t phẳng đang l&agrave; hot trend ở thời điểm hiện tại, th&acirc;n m&aacute;y si&ecirc;u mỏng chỉ 7.79 mm v&agrave; khối lượng khi&ecirc;m tốn 183 gram m&agrave; c&ograve;n được trang bị k&iacute;nh&nbsp;Fluorite AG c&oacute; khả năng thay đổi m&agrave;u sắc theo c&aacute;ch đặc biệt.</p>\r\n\r\n<p><a href=\"#\" target=\"_blank\">Điện thoại Vivo</a>&nbsp;c&oacute; hai m&agrave;u sắc, trong đ&oacute; m&agrave;u&nbsp;Sunshine Gold (m&agrave;u v&agrave;ng) c&oacute; mặt lưng phủ k&iacute;nh&nbsp;Fluorite AG sẽ thay đổi m&agrave;u sắc từ v&agrave;ng sang cam khi tiếp x&uacute;c với &aacute;nh nắng mặt trời hoặc tia UV, như sắc th&aacute;i của b&igrave;nh minh v&agrave; ho&agrave;ng h&ocirc;n, m&agrave;u sắc như được tỏa ra từ l&ograve;ng b&agrave;n tay chủ sở hữu.</p>\r\n\r\n<h3><strong>Camera 64 MP hỗ trợ chống rung OIS</strong></h3>\r\n\r\n<p>Mặt lưng&nbsp;<a href=\"#\" target=\"_blank\">điện thoại</a>&nbsp;c&oacute; hệ thống ba camera hỗ trợ chụp ảnh đa năng, trong đ&oacute; c&oacute; một cảm biến ch&iacute;nh độ ph&acirc;n giải cao l&ecirc;n đến 64 MP hoạt động với c&ocirc;ng nghệ chống rung OIS để khung h&igrave;nh kh&ocirc;ng bị mờ hoặc rung gi&uacute;p người d&ugrave;ng tạo ra những bức ảnh nghệ thuật.</p>\r\n\r\n<p>Bạn cũng c&oacute; thể dễ d&agrave;ng chụp ảnh cận cảnh c&ocirc;n tr&ugrave;ng, hoa l&aacute; v&agrave; đồ ăn bằng ống k&iacute;nh macro hỗ trợ bắt n&eacute;t ở khoảng c&aacute;ch gần. B&ecirc;n cạnh đ&oacute; Vivo V25E cũng c&oacute; thể chụp những bức ảnh ch&acirc;n dung x&oacute;a ph&ocirc;ng chuy&ecirc;n nghiệp nhờ ống k&iacute;nh đo độ s&acirc;u 2 MP chuy&ecirc;n dụng.</p>\r\n', '8490000', '2022-11-22 09:23:55'),
('SP017', 'OPPO Reno8 Pro 5G', 'oppo-reno8-pro-thumb-xanh-1-600x600.jpg', '20', 'Phụ kiện', 'Oppo', '<b><a href=\"/\" target=\"_blank\">OPPO Reno8 Pro 5G</a>&nbsp;ra mắt với sự đột ph&aacute; về phần camera khi đ&acirc;y l&agrave; thiết bị đầu ti&ecirc;n thuộc d&ograve;ng Reno được t&iacute;ch hợp NPU MariSilicon X, được xem l&agrave; NPU cao cấp nhất đến từ OPPO (2022) c&oacute; khả năng xử l&yacute; h&igrave;nh ảnh đỉnh cao. K&egrave;m với đ&oacute; l&agrave; một con chip mạnh mẽ đến từ nh&agrave; MediaTek gi&uacute;p bạn c&oacute; thể c&acirc;n được mọi tựa game đang hiện h&agrave;nh.</b>\r\n\r\n<h3>Vẻ ngo&agrave;i thời thượng</h3>\r\n\r\n<p>Sản phẩm lần n&agrave;y sử dụng kiểu thiết kế vu&ocirc;ng vức hợp xu hướng, c&ugrave;ng với đ&oacute; l&agrave; khung viền kim loại v&agrave; mặt k&iacute;nh cường lực Gorilla Glass 5 gi&uacute;p cho thiết bị c&oacute; được độ bền bỉ cao hơn.</p>\r\n\r\n<p>Điểm th&uacute; vị ở phần mặt lưng m&aacute;y l&agrave; cụm camera được tạo h&igrave;nh liền mạch v&agrave; sử dụng kiểu thiết kế nổi 3D.</p>\r\n\r\n<h3>Kh&ocirc;ng gian hiển thị rộng lớn</h3>\r\n\r\n<p>Với một m&agrave;n h&igrave;nh c&oacute; k&iacute;ch thước l&ecirc;n đến 6.7 inch gi&uacute;p người d&ugrave;ng c&oacute; thể thỏa sức trải nghiệm chơi game hay xem phim được đ&atilde; mắt nhờ nội dung được hiển thị to r&otilde; c&ugrave;ng một kh&ocirc;ng gian thao t&aacute;c cực kỳ rộng lớn.</p>\r\n', '1899000', '2022-11-21 14:22:31'),
('SP018', 'Samsung Galaxy Z Fold3 5G', 'samsung-galaxy-z-fold-3-silver-1-600x600.jpg', '20', 'Phụ kiện', 'Samsung', '<b><a href=\"https://www.thegioididong.com/dtdd/samsung-galaxy-z-fold-3\" target=\"_blank\">Samsung Galaxy Z Fold3 5G</a>, chiếc&nbsp;<a href=\"https://www.thegioididong.com/dtdd\" target=\"_blank\">điện thoại</a>&nbsp;được n&acirc;ng cấp to&agrave;n diện về nhiều mặt, đặc biệt đ&acirc;y l&agrave; điện thoại m&agrave;n h&igrave;nh gập đầu ti&ecirc;n tr&ecirc;n thế giới c&oacute; camera ẩn (08/2021). Sản phẩm sẽ l&agrave; một &ldquo;c&uacute; hit&rdquo; của&nbsp;Samsung&nbsp;g&oacute;p phần mang đến những trải nghiệm mới cho người d&ugrave;ng.</b>\r\n\r\n<b>Thiết kế n&acirc;ng tầm smartphone m&agrave;n h&igrave;nh gập</b>\r\n\r\n<p>C&oacute; thể thấy mẫu smartphone Galaxy Z Fold3 lần n&agrave;y vẫn giữ nguy&ecirc;n ngoại h&igrave;nh c&ugrave;ng cơ chế m&agrave;n h&igrave;nh gập mở dạng quyển s&aacute;ch như của tiền nhiệm, &quot;h&ocirc; biến&quot; chiếc smartphone th&agrave;nh một chiếc m&aacute;y t&iacute;nh bảng mini một c&aacute;ch dễ d&agrave;ng v&agrave; ngược lại.</p>\r\n\r\n<p>Khung viền sử dụng hợp kim nh&ocirc;m Armor Aluminum cứng c&aacute;p, bền bỉ hơn 10% so với c&aacute;c vật liệu trước đ&acirc;y&nbsp;<a href=\"https://www.thegioididong.com/dtdd-samsung\" target=\"_blank\">Samsung</a>&nbsp;từng sản xuất. Với cấu tạo chắc chắn sẽ gi&uacute;p bạn y&ecirc;n t&acirc;m tận hưởng c&aacute;c hoạt động y&ecirc;u th&iacute;ch một c&aacute;ch trọn vẹn nhất.</p>\r\n\r\n<p>Bộ khớp nối bản lề được thiết kế mới gi&uacute;p kết nối bộ khung của Galaxy Z Fold3 ho&agrave;n hảo hơn, tăng cao độ bền khi đ&oacute;ng mở li&ecirc;n tục v&agrave; cố định cực kỳ chắc chắn cho bạn trải nghiệm sử dụng thoải m&aacute;i nhất.</p>\r\n', '3199000', '2022-11-21 14:24:26'),
('SP019', ' Samsung Galaxy Z Flip4 5G', '600x600-thumb-qua-dac-biet-600x600.jpg', '20', 'Phụ kiện', 'Samsung', '<b><a href=\"https://www.thegioididong.com/dtdd/samsung-galaxy-z-flip4-5g-dac-biet\" target=\"_blank\">Samsung Galaxy Z Flip4 5G Đặc Biệt</a>&nbsp;được cho ra mắt coi như lời cảm ơn d&agrave;nh cho người d&ugrave;ng v&igrave; đ&atilde; d&agrave;nh nhiều sự quan t&acirc;m đến với c&aacute;c thiết bị di động của h&atilde;ng, trang bị tr&ecirc;n m&aacute;y l&agrave; một cấu h&igrave;nh h&agrave;ng đầu đối với c&aacute;c thiết bị di động v&agrave; k&egrave;m theo đ&oacute; sẽ l&agrave; bộ qu&agrave; tặng cực kỳ hấp dẫn.</b>\r\n\r\n<h3>Thiết kế gập mở tiện lợi</h3>\r\n\r\n<p>Khi mua sắm cho m&igrave;nh phi&ecirc;n bản n&agrave;y người d&ugrave;ng sẽ nhận được cho m&igrave;nh một chiếc Samsung Galaxy Z Flip4 5G phi&ecirc;n bản m&agrave;u v&agrave;ng v&agrave; k&egrave;m theo b&ecirc;n trong sẽ l&agrave; bộ qu&agrave; tặng đến từ nh&agrave; Samsung.</p>\r\n\r\n<p>Từ ngoại h&igrave;nh cho đến phần cứng b&ecirc;n trong th&igrave; m&aacute;y sẽ được thừa hưởng to&agrave;n bộ những g&igrave; c&oacute; tr&ecirc;n Galaxy Z Flip4 bản mặc định. Với cơ chế gập mở độc đ&aacute;o gi&uacute;p người d&ugrave;ng c&oacute; thể l&agrave;m mới c&aacute;ch sử dụng điện thoại của bản th&acirc;n, từ đ&oacute; n&acirc;ng cao mọi trải nghiệm của bạn l&ecirc;n một tầm cao mới.</p>\r\n\r\n<p>Được ho&agrave;n thiện mặt sau bằng mặt k&iacute;nh Corning Gorilla Glass Victus+ c&ugrave;ng bộ khung v&agrave; bản lề l&agrave;m từ Armor Aluminum cứng c&aacute;p, điều n&agrave;y gi&uacute;p thiết bị của bạn c&oacute; thể bền bỉ hơn, n&acirc;ng cao số lần gập để đảm bảo&nbsp;<a href=\"https://www.thegioididong.com/dtdd\" target=\"_blank\">điện thoại</a>&nbsp;đồng h&agrave;nh c&ugrave;ng bạn trong khoảng thời gian l&acirc;u d&agrave;i.</p>\r\n\r\n<h3>Trang bị m&agrave;n h&igrave;nh chất lượng</h3>\r\n\r\n<p>Mặt trước của m&aacute;y sẽ được trang bị một tấm nền Dynamic AMOLED 2X cao cấp khả năng hiển thị h&igrave;nh ảnh với m&agrave;u sắc sinh động v&agrave; hết sức rực rỡ, mang đến cho người d&ugrave;ng những nội dung bắt mắt hơn khi sử dụng c&aacute;c t&aacute;c vụ chơi game hay xem phim giải tr&iacute;.</p>\r\n', '23000000', '2022-11-21 14:26:49'),
('SP020', 'Vivo X80', 'vivo-x80-xanh-thumb-600x600.jpg', '20', 'Phụ kiện', 'ViVo', '<b><a href=\"https://www.thegioididong.com/dtdd/vivo-x80\" target=\"_blank\">Vivo X80</a>&nbsp;được xem l&agrave; thiết bị hướng đến đối tượng người d&ugrave;ng chuy&ecirc;n nhiếp ảnh tr&ecirc;n điện thoại, bằng việc hợp t&aacute;c c&ugrave;ng nh&agrave; sản xuất ống k&iacute;nh nổi tiếng mang thương hiệu ZEISS. Với những t&iacute;nh năng mới mẻ hay chế độ quay - chụp độc đ&aacute;o, X80 hứa hẹn mang đến cho bạn những trải nghiệm đầy mới lạ v&agrave; chất lượng.</b>\r\n\r\n<b>Nổi bật với thiết kế đầy sang trọng</b>\r\n\r\n<p>Ấn tượng đầu ti&ecirc;n khi m&igrave;nh tr&ecirc;n tay chiếc Vivo X80 l&agrave; m&aacute;y c&oacute; tổng thể k&iacute;ch thước tương đối lớn, theo m&igrave;nh ước chừng m&aacute;y c&oacute; độ d&agrave;i gần bằng một gang tay.</p>\r\n\r\n<p>Với k&iacute;ch thước lớn như vậy c&oacute; thể g&acirc;y kh&oacute; khăn trong l&uacute;c thực hiện c&aacute;c t&aacute;c vụ mở thanh c&ocirc;ng cụ bằng việc vuốt từ cạnh tr&ecirc;n xuống, m&igrave;nh cảm thấy hơi bị với trong những t&igrave;nh huống sử dụng bằng một tay. Đối với ph&aacute;i nữ, người d&ugrave;ng n&ecirc;n sử dụng thiết bị bằng hai tay để mang lại trải nghiệm sử dụng tốt hơn.</p>\r\n\r\n<p>Mặt lưng của m&aacute;y được l&agrave;m từ k&iacute;nh nh&aacute;m tạo cho m&igrave;nh cảm gi&aacute;c sờ rất th&iacute;ch, t&igrave;nh trạng b&aacute;m dấu v&acirc;n tay v&agrave; mồ h&ocirc;i cũng &iacute;t khi xảy ra. V&igrave; l&agrave;m từ k&iacute;nh nh&aacute;m n&ecirc;n m&igrave;nh cũng cảm thấy an t&acirc;m hơn về khả năng hạn chế vết xước ở phần mặt lưng.</p>\r\n\r\n<p>Điểm nhấn ch&iacute;nh ở mặt sau chiếc m&aacute;y c&oacute; lẽ l&agrave; cụm camera. Được bao bọc bởi một &ocirc; h&igrave;nh chữ nhật c&oacute; diện t&iacute;ch lớn, gi&uacute;p thiết bị to&aacute;t l&ecirc;n vẻ ngo&agrave;i xịn s&ograve; của một chiếc&nbsp;<a href=\"https://www.thegioididong.com/dtdd\" target=\"_blank\">điện thoại</a>&nbsp;chuy&ecirc;n nhiếp ảnh.</p>\r\n\r\n<p>Phần n&agrave;y được l&agrave;m từ k&iacute;nh b&oacute;ng cho n&ecirc;n rất dễ b&aacute;m dấu v&acirc;n tay, v&igrave; vậy trước mỗi lần chụp ảnh người d&ugrave;ng n&ecirc;n d&agrave;nh &iacute;t thời gian để lau b&oacute;ng nhằm cho ra chất lượng ảnh tốt nhất.</p>\r\n', '19000000', '2022-11-21 14:28:08'),
('SP022', 'iPhone 12', 'iphone-12-blue-select-2020_cae77d30ac99435880af61542f7b1efd.webp', '14', 'Phụ kiện', 'Iphone', '<b><a href=\"https://www.thegioididong.com/apple\" target=\"_blank\">Apple</a>&nbsp;đ&atilde; tr&igrave;nh diện đến người d&ugrave;ng mẫu&nbsp;<a href=\"https://www.thegioididong.com/dtdd/iphone-12-128gb\" target=\"_blank\">điện thoại iPhone 12 128GB</a>&nbsp;với sự tuy&ecirc;n bố về một kỷ nguy&ecirc;n mới của iPhone 5G, n&acirc;ng cấp về m&agrave;n h&igrave;nh v&agrave; hiệu năng hứa hẹn đ&acirc;y sẽ l&agrave; smartphone cao cấp đ&aacute;ng để mọi người đầu tư sở hữu.&nbsp;</b>\r\n\r\n<b>Hiệu năng vượt trội, th&aacute;ch thức mọi giới hạn</b>\r\n\r\n<p>iPhone 12 được trang bị&nbsp;<a href=\"https://www.thegioididong.com/hoi-dap/tim-hieu-ve-chip-apple-a14-bionic-tren-iphone-12-va-ipad-1290695\" target=\"_blank\">chipset A14 Bionic&nbsp;</a>- bộ xử l&yacute; được trang bị lần đầu tr&ecirc;n iPad Air 4 vừa cho ra mắt c&aacute;ch đ&acirc;y kh&ocirc;ng l&acirc;u, mở đầu xu thế chip 5 nm thương mại tr&ecirc;n to&agrave;n thế giới.</p>\r\n\r\n<p>Apple cho biết A14 Bionic sẽ mạnh hơn gần 40%&nbsp;<a href=\"https://www.thegioididong.com/hoi-dap/chip-apple-a13-bionic-tren-iphone-11-that-su-rat-manh-1197492\">chipset A13 Bionic</a>, trong đ&oacute; khả năng xử l&yacute; đồ họa nhanh hơn 50% cũng như c&aacute;c t&aacute;c vụ học m&aacute;y mượt m&agrave; hơn 80% khi so s&aacute;nh với bộ xử l&yacute; tiền nhiệm.</p>\r\n\r\n<p>Apple cũng đ&atilde; hỗ trợ kết nối mạng 5G tốc độ load cực nhanh cho mọi trải nghiệm lướt web, xem phim lu&ocirc;n được ổn định v&agrave; mượt m&agrave; hơn.</p>\r\n\r\n<p>iPhone 12 cũng được t&iacute;ch hợp th&ecirc;m chế độ &ldquo;Smart Data Mode&rdquo; cho ph&eacute;p m&aacute;y tự động ph&aacute;t hiện ứng dụng, c&aacute;c thao t&aacute;c n&agrave;o cần nhiều băng th&ocirc;ng để k&iacute;ch hoạt 5G. Nếu sử dụng c&aacute;c t&aacute;c vụ th&ocirc;ng thường m&aacute;y sẽ chuyển sang chế độ 4G LTE ph&ugrave; hợp với từng điều kiện sử dụng, gi&uacute;p tiết kiệm dữ liệu, hạn chế n&oacute;ng m&aacute;y v&agrave; duy tr&igrave; thời lượng pin sử dụng cho người d&ugrave;ng.</p>\r\n\r\n<p>Được trang bị con chip mạnh nhất hiện nay đi k&egrave;m với khả năng kết nối mạng 5G gi&uacute;p&nbsp;<a href=\"https://www.thegioididong.com/dtdd-choi-game\" target=\"_blank\">điện thoại chơi game</a>&nbsp;mượt m&agrave; nay lại mượt m&agrave; hơn. Với sự chuyển động trơn tru, tốc độ load nhanh với độ trễ gần như bằng kh&ocirc;ng chắc chắn sẽ đem đến sự h&agrave;i l&ograve;ng đến với người d&ugrave;ng.</p>\r\n', '16500000', '2022-11-22 09:23:55'),
('ss-galaxy-', 'Samsung Galaxy A22 ', '1669194252-product-samsung-galaxy-a22-4g-violet-600x600.jpg', '5', 'Điện thoại', 'Samsung', '<b><a href=\"https://www.thegioididong.com/samsung\" target=\"_blank\">Samsung</a>&nbsp;ch&agrave;o đ&oacute;n m&ugrave;a h&egrave; 2021 bằng sự ra mắt của bộ đ&ocirc;i&nbsp;<a href=\"https://www.thegioididong.com/dtdd/samsung-galaxy-a22-4g\" target=\"_blank\">Galaxy A22</a>&nbsp;v&agrave;&nbsp;<a href=\"https://www.thegioididong.com/dtdd/samsung-galaxy-a22-5g\" target=\"_blank\">Galaxy A22 5G</a>&nbsp;với nhiều th&ocirc;ng số ấn tượng. Trong đ&oacute;, Galaxy A22 sở hữu vi&ecirc;n pin đầy năng suất, hiệu năng gaming mạnh mẽ v&agrave; m&agrave;n h&igrave;nh lớn c&oacute; khả năng hiển thị tốt.</b>\r\n\r\n<b>N&acirc;ng cao trải nghiệm người d&ugrave;ng</b>\r\n\r\n<p>Sở hữu m&agrave;n h&igrave;nh&nbsp;<a href=\"https://www.thegioididong.com/hoi-dap/man-hinh-super-amoled-la-gi-905770\" target=\"_blank\">Super AMOLED</a>&nbsp;rộng 6.4 inch, Samsung Galaxy A22 lu&ocirc;n thu h&uacute;t sự quan t&acirc;m của bất kỳ người ti&ecirc;u d&ugrave;ng n&agrave;o đang t&igrave;m kiếm ti&ecirc;u ch&iacute; n&agrave;y. K&iacute;ch thước m&agrave;n h&igrave;nh lớn l&agrave; một ưu điểm để bạn trải nghiệm nh&igrave;n ngắm mọi thứ thoải m&aacute;i hơn trong giải tr&iacute; cũng như c&aacute;c thao t&aacute;c hằng ng&agrave;y.&nbsp;</p>\r\n\r\n<p>Chiếc&nbsp;<a href=\"https://www.thegioididong.com/dtdd\" target=\"_blank\">điện thoại</a>&nbsp;cung cấp gam m&agrave;u rực rỡ cho khả năng hiển thị sống động v&agrave; tiết kiệm điện năng tối ưu. Hỗ trợ tần số qu&eacute;t m&agrave;n h&igrave;nh 90 Hz gi&uacute;p mọi thao t&aacute;c chạm tay của bạn đều được nhận diện v&agrave; xử l&yacute; một c&aacute;ch nhanh ch&oacute;ng.</p>\r\n\r\n<p>Galaxy A22 được trang bị t&iacute;nh năng&nbsp;<a href=\"https://www.thegioididong.com/dtdd-bao-mat-van-tay\" target=\"_blank\">bảo mật v&acirc;n tay</a>&nbsp;đặt b&ecirc;n h&ocirc;ng m&aacute;y gi&uacute;p bảo vệ th&ocirc;ng tin tr&ecirc;n điện thoại tốt hơn. Hơn thế nữa, smartphone vẫn gọn nhẹ mặc d&ugrave; diện t&iacute;ch m&agrave;n h&igrave;nh lớn, c&aacute;c cạnh viền bo cong quanh th&acirc;n m&aacute;y cho cảm gi&aacute;c cầm nắm th&ecirc;m dễ chịu, v&agrave; m&agrave;n h&igrave;nh được bảo vệ bởi k&iacute;nh cường lực Corning Gorilla Glass 5 c&agrave;ng tăng th&ecirc;m độ bền cho m&aacute;y.</p>\r\n\r\n<b>Hiệu năng ổn định, mượt m&agrave;</b>\r\n\r\n<p>Con chip MediaTek MT6769V 8 nh&acirc;n được trang bị tr&ecirc;n Samsung galaxy A22 l&agrave; d&ograve;ng CPU tầm trung đặc biệt của c&aacute;c &ldquo;tay game&rdquo; nh&agrave; MediaTek. Chipset hỗ trợ xung nhịp tối đa 2.0 GHz gi&uacute;p tăng tốc phần cứng tối đa mang đến hiệu năng v&ocirc; c&ugrave;ng ấn tượng.</p>\r\n\r\n<p>Galaxy A22 đi k&egrave;m với&nbsp;<a href=\"https://www.thegioididong.com/dtdd-ram-6gb\" target=\"_blank\">RAM 6 GB</a>&nbsp;cho khả năng xử l&yacute; đa nhiệm ổn định. Kết hợp với&nbsp;<a href=\"https://www.thegioididong.com/dtdd-rom-128gb\" target=\"_blank\">bộ nhớ trong 128 GB</a>&nbsp;v&agrave; khả năng lưu danh bạ kh&ocirc;ng giới hạn để người d&ugrave;ng c&oacute; thể lưu th&ocirc;ng tin v&agrave; số di động thoải m&aacute;i. Ngo&agrave;i ra bạn c&oacute; thể mở rộng bộ nhớ th&ocirc;ng qua thẻ nhớ MicroSD, hỗ trợ tối đa 1 TB.</p>\r\n\r\n<b>D&agrave;n m&aacute;y ảnh chất lượng cao</b>\r\n\r\n<p>Một trong những điểm nổi bật ở Galaxy A22 l&agrave; d&agrave;n 4 camera sau với th&ocirc;ng số camera ch&iacute;nh 48 MP,&nbsp;<a href=\"https://www.thegioididong.com/dtdd-camera-goc-rong\" target=\"_blank\">camera g&oacute;c si&ecirc;u rộng</a>&nbsp;8 MP,&nbsp;<a href=\"https://www.thegioididong.com/dtdd-camera-macro\" target=\"_blank\">camera macro</a>&nbsp;v&agrave; camera đo độ s&acirc;u c&oacute; chung độ ph&acirc;n giải 2 MP v&agrave; một camera selfie 13 MP ở mặt trước.</p>\r\n\r\n<p>Hỗ trợ một số t&iacute;nh năng như:&nbsp;<a href=\"https://www.thegioididong.com/hoi-dap/tim-hieu-cong-nghe-lay-net-theo-pha-tren-smartphon-1007275\" target=\"_blank\">Lấy n&eacute;t theo pha</a>,&nbsp;<a href=\"https://www.thegioididong.com/hoi-dap/xoa-phong-khi-selfie-la-gi-no-co-tac-dung-nhu-the-1138006\" target=\"_blank\">x&oacute;a ph&ocirc;ng</a>,&nbsp;<a href=\"https://www.thegioididong.com/hoi-dap/che-do-chup-anh-hdr-tren-smartphone-la-gi-906400\" target=\"_blank\">HDR</a>, chống rung quang học OIS,... gi&uacute;p người d&ugrave;ng chụp c&aacute;c chi tiết xung quanh cuộc sống một c&aacute;ch đẹp v&agrave; tự nhi&ecirc;n nhất.</p>\r\n', '5290000', '2022-11-23 09:15:31'),
('vivo-v23e', 'Vivo V23e', '1669193854-product-Vivo-V23e-1-2-600x600.jpg', '6', 'Điện thoại', 'ViVo', '<b><a href=\"https://www.thegioididong.com/dtdd/vivo-v23e\" target=\"_blank\">Vivo V23e</a>&nbsp;- sản phẩm tầm trung được đầu tư lớn về khả năng selfie c&ugrave;ng ngoại h&igrave;nh mỏng nhẹ, b&ecirc;n cạnh thiết kế vu&ocirc;ng vức theo xu hướng hiện tại th&igrave; V23e c&ograve;n c&oacute; hiệu năng tốt v&agrave; một vi&ecirc;n pin c&oacute; khả năng sạc cực nhanh.</b>\r\n\r\n<b>Thiết kế mỏng nhẹ c&ugrave;ng m&agrave;u sắc tinh tế</b>\r\n\r\n<p>Vivo V23e vẫn giữ đặc điểm nổi bật của&nbsp;<a href=\"https://www.thegioididong.com/dtdd-vivo-v\">Vivo V Series</a>&nbsp;với thiết kế mỏng 7.36 mm ấn tượng (ở phi&ecirc;n bản m&agrave;u đen). Viền m&agrave;n h&igrave;nh 2 cạnh b&ecirc;n c&oacute; độ mỏng ở mức vừa phải, tuy nhi&ecirc;n th&igrave; phần cạnh dưới th&igrave; c&oacute; d&agrave;y hơn một ch&uacute;t.</p>\r\n\r\n<p>Phần khung cũng được&nbsp;<a href=\"https://www.thegioididong.com/dtdd-vivo\" target=\"_blank\">Vivo</a>&nbsp;v&aacute;t phẳng v&agrave; ho&agrave;n thiện từ nhựa nhưng khi chạm v&agrave;o bạn sẽ kh&oacute; ph&acirc;n biệt được đ&acirc;y l&agrave; chất liệu g&igrave;, bởi n&oacute; được xử l&yacute; bằng một lớp phủ si&ecirc;u mịn mang lại cảm gi&aacute;c tương tự như c&aacute;c sản phẩm được ho&agrave;n thiện từ khung kim loại.</p>\r\n\r\n<p>Phi&ecirc;n bản m&agrave;u đen c&oacute; mặt lưng phẳng với hiệu ứng tr&aacute;ng gương khi sử dụng sẽ gặp t&igrave;nh trạng bị b&aacute;m dấu v&acirc;n tay, m&agrave;u xanh hồng được ho&agrave;n thiện bởi c&ocirc;ng nghệ Satin AG n&ecirc;n c&oacute; khả năng hạn chế được t&igrave;nh trạng b&aacute;m dấu v&acirc;n tay.</p>\r\n\r\n<p>Vivo V23e sẽ kh&ocirc;ng trang bị jack 3.5 mm bởi thiết kế si&ecirc;u mỏng, ph&iacute;m nguồn v&agrave; tăng giảm &acirc;m lượng được đặt ở cạnh phải, cạnh tr&ecirc;n c&oacute; một micro phụ, cạnh dưới c&oacute; khe cắm sim, mic thoại, cổng sạc c&ugrave;ng 1 loa ngo&agrave;i. Khi mở khe sim bạn lưu &yacute; bởi khe lấy sim v&agrave; mic thoại được nằm gần nhau bạn c&oacute; thể sẽ thao t&aacute;c nhầm nếu kh&ocirc;ng để &yacute;.</p>\r\n\r\n<b>Camera selfie độ ph&acirc;n giải cao</b>\r\n\r\n<p>Vivo V23e sử dụng camera trước c&oacute; độ ph&acirc;n giải l&ecirc;n đến 50 MP, đ&acirc;y l&agrave; độ ph&acirc;n giải cao nhất trong ng&agrave;nh&nbsp;<a href=\"https://www.thegioididong.com/dtdd\" target=\"_blank\">smartphone</a>&nbsp;đến thời điểm hiện tại (11/2021).</p>\r\n\r\n<p>Hỗ trợ t&iacute;nh năng Lấy N&eacute;t Tự Động Theo Mắt cho gi&uacute;p qu&aacute; tr&igrave;nh selfie trở n&ecirc;n dễ d&agrave;ng v&agrave; r&otilde; r&agrave;ng, c&ugrave;ng với t&iacute;nh năng Video Selfie Ổn Định Khu&ocirc;n Mặt gi&uacute;p kh&oacute;a n&eacute;t gương mặt của bạn v&agrave; giữ cho chủ thể trong khung h&igrave;nh lu&ocirc;n ổn định.</p>\r\n\r\n<p>Camera trước vẫn c&oacute; thể l&agrave;m đẹp cho bạn khi gọi video qua c&aacute;c ứng dụng b&ecirc;n thứ ba như Messenger, Zalo. Bạn c&oacute; thể điều chỉnh được phần trăm ảnh hưởng của khả năng l&agrave;m đẹp để ph&ugrave; hợp với nhu cầu sử dụng, điều n&agrave;y sẽ gi&uacute;p bạn tự tin hơn trong l&uacute;c t&aacute;n gẫu, l&agrave;m việc.</p>\r\n\r\n<p>Vivo V23e được trang bị ba camera gồm: Camera ch&iacute;nh 64 MP, camera g&oacute;c rộng 8 MP c&oacute; thể chụp được những bức ảnh c&oacute; g&oacute;c nh&igrave;n 120 độ, cuối c&ugrave;ng l&agrave; camera macro ph&acirc;n giải 2 MP. Với phần cứng n&agrave;y th&igrave; Vivo V23e cũng hỗ trợ kh&aacute; nhiều chế độ chụp để cho bạn thoải m&aacute;i s&aacute;ng tạo.</p>\r\n', '6490000', '2022-11-23 09:16:06'),
('vivo-y35-2', 'Vivo Y35', '1669194086-product-vivo-y35-thumb-den-600x600.jpg', '6', 'Điện thoại', 'ViVo', '<b>Tiếp nối sự th&agrave;nh c&ocirc;ng của c&aacute;c mẫu smartphone tầm trung tại thị trường Việt Nam th&igrave; mới đ&acirc;y Vivo đ&atilde; ch&iacute;nh thức cho ra mắt&nbsp;<a href=\"https://www.thegioididong.com/dtdd/vivo-y35-2022\" target=\"_blank\">điện thoại Vivo Y35</a>. M&aacute;y sở hữu cho m&igrave;nh khả năng sạc si&ecirc;u nhanh 44 W, cụm camera đem đến những bức ảnh sắc n&eacute;t v&agrave; một hiệu năng ổn định trong ph&acirc;n kh&uacute;c.</b>\r\n\r\n<b>Kh&ocirc;ng gian hiển thị sắc n&eacute;t</b>\r\n\r\n<p>Vivo Y35 c&oacute; k&iacute;ch thước m&agrave;n h&igrave;nh 6.58 inch đi c&ugrave;ng l&agrave; tấm nền IPS LCD, độ ph&acirc;n giải Full HD+ với những th&ocirc;ng số tr&ecirc;n chất lượng h&igrave;nh ảnh hiển thị&nbsp;c&oacute; chi tiết tốt, g&oacute;c nh&igrave;n rộng v&agrave; m&agrave;u sắc trung thực.</p>\r\n\r\n<p>H&atilde;ng đ&atilde; l&agrave;m những mẫu&nbsp;<a href=\"https://www.thegioididong.com/dtdd-vivo-y\" target=\"_blank\">điện thoại Vivo Y</a>&nbsp;c&oacute; độ s&aacute;ng m&agrave;n h&igrave;nh kh&aacute; cao gi&uacute;p bạn quan s&aacute;t tốt khi sử dụng ngo&agrave;i trời nắng. Vivo Y35 cũng kh&ocirc;ng ngoại lệ khi được trang bị độ s&aacute;ng 550 nits mang đến chất lượng hiển thị tốt khi ngo&agrave;i trời.</p>\r\n\r\n<p>Kh&ocirc;ng dừng lại ở đ&oacute; lần ra mắt n&agrave;y&nbsp;<a href=\"https://www.thegioididong.com/dtdd-vivo\" target=\"_blank\">Vivo</a>&nbsp;đ&atilde; mang Hi-Res Audio l&ecirc;n tr&ecirc;n Y35, giờ đ&acirc;y bạn sẽ c&oacute; những buổi tiệc &acirc;m nhạc tuyệt vời ngay tr&ecirc;n dế y&ecirc;u của m&igrave;nh.</p>\r\n\r\n<b>Hiệu năng ổn định tối ưu trải nghiệm</b>\r\n\r\n<p>Vivo Y35 mang trong m&igrave;nh con chip Snapdragon 680, đ&acirc;y l&agrave; CPU quốc d&acirc;n của những mẫu điện thoại Android, m&aacute;y đ&aacute;p ứng tốt c&aacute;c nhu cầu hiện nay của người d&ugrave;ng từ đọc b&aacute;o, lướt web đến chơi những tựa game đang hot tr&ecirc;n thị trường.</p>\r\n\r\n<p>Vivo trang bị cho&nbsp;<a href=\"https://www.thegioididong.com/dtdd-ram-8gb\" target=\"_blank\">điện thoại RAM 8 GB</a>&nbsp;c&ugrave;ng t&iacute;nh năng mở rộng 8 GB mang đến khả năng xử l&yacute; đa nhiệm mượt m&agrave; c&oacute; thể mở nhiều ứng dụng một l&uacute;c m&agrave; kh&ocirc;ng xảy ra hiện tượng giật lag.</p>\r\n\r\n<b>Hệ thống chụp ảnh sắc n&eacute;t</b>\r\n\r\n<p><a href=\"https://www.thegioididong.com/dtdd\" target=\"_blank\">Điện thoại</a>&nbsp;sở hữu 3 camera với cảm biến ch&iacute;nh AI 50 MP, 2 camera phụ c&oacute; c&ugrave;ng độ ph&acirc;n giải 2 MP. Bạn sẽ c&oacute; được những bức ảnh chuy&ecirc;n nghiệp với đầy đủ c&aacute;c chi tiết ngay cả những bức ảnh ban đ&ecirc;m.</p>\r\n\r\n<p>C&aacute;c t&iacute;nh năng hỗ trợ tối ưu cho việc chụp ảnh hay quay video ti&ecirc;n tiến như: Chống rung EIS, l&agrave;m đẹp hay x&oacute;a ph&ocirc;ng,... đều được h&atilde;ng t&iacute;ch hợp b&ecirc;n trong cụm camera của Vivo Y35.</p>\r\n\r\n<p>Camera trước của m&aacute;y c&oacute; độ ph&acirc;n giải 16 MP đi c&ugrave;ng với đ&oacute; l&agrave; nhiều phần mềm ưu việt mang đến cho bạn những tấm ảnh selfie chất lượng m&agrave; kh&ocirc;ng cần d&ugrave;ng đến ứng dụng thứ 3.</p>\r\n\r\n<b>Pin tr&acirc;u hơn, d&ugrave;ng l&acirc;u hơn</b>\r\n\r\n<p>Pin v&agrave; tốc độ sạc cũng l&agrave; điểm v&ocirc; c&ugrave;ng s&aacute;ng khi nhắc tới Vivo Y35, bạn kh&ocirc;ng cần phải lo nghĩ nhiều về việc hết pin khi đang d&ugrave;ng trong ng&agrave;y khi m&aacute;y c&oacute; dung lượng 5000 mAh với khả năng sạc nhanh 44 W chỉ cần 34 ph&uacute;t cho 70% dung lượng* tha hồ cho bạn sử dụng.</p>\r\n\r\n<p>&nbsp;</p>\r\n', '6590000', '2022-11-23 09:16:48'),
('x-redmi-9a', 'Xiaomi Redmi 9A', '1669194648-product-xiaomi-redmi-9a-grey-600x600-1-600x600.jpg', '5', 'Điện thoại', 'Xiaomi', '<b><a href=\"https://www.thegioididong.com/dtdd/xiaomi-redmi-9a\" target=\"_blank\">Điện thoại Xiaomi Redmi 9A</a>&nbsp;l&agrave; chiếc&nbsp;<a href=\"https://www.thegioididong.com/dtdd\" target=\"_blank\">smartphone</a>&nbsp;đến từ Xiaomi&nbsp;hướng tới nh&oacute;m kh&aacute;ch h&agrave;ng đang t&igrave;m kiếm cho m&igrave;nh một sản phẩm với cấu h&igrave;nh tốt gi&aacute; th&agrave;nh phải chăng, cũng như được trang bị đầy đủ c&aacute;c t&iacute;nh năng ấn tượng.</b>\r\n\r\n<b>Thiết kế hiện đại, thời thượng</b>\r\n\r\n<p>Giống như người anh Redmi 9 của m&igrave;nh, Xiaomi Redmi 9A được trang bị m&agrave;n h&igrave;nh giọt nước tr&agrave;n viền k&iacute;ch thước lớn 6.53 inch tỉ lệ 20:9 cho khả năng hiển thị được nhiều th&ocirc;ng tin m&agrave; vẫn nhỏ gọn trong b&agrave;n tay người d&ugrave;ng.</p>\r\n\r\n<p>Tuy m&agrave;n h&igrave;nh của m&aacute;y chỉ cho độ ph&acirc;n giải HD+ nhưng vẫn đảm bảo được chất lượng hiển thị sắc n&eacute;t, cho bạn thoải m&aacute;i sử dụng c&aacute;c t&aacute;c vụ như đọc b&aacute;o xem phim lướt web hằng ng&agrave;y.</p>\r\n\r\n<p>Mặt lưng của m&aacute;y được&nbsp;<a href=\"https://www.thegioididong.com/dtdd-xiaomi\" target=\"_blank\">Xiaomi</a>&nbsp;thiết kế bằng nhựa b&oacute;ng với 3 t&ugrave;y chọn m&agrave;u sắc Granite Gray, Peacock Green, Sky Blue cho người d&ugrave;ng thoải m&aacute;i lựa chọn.</p>\r\n\r\n<p>Đ&aacute;ng tiếc l&agrave; m&aacute;y chỉ được trang bị c&ocirc;ng nghệ nhận diện khu&ocirc;n mặt 2D th&ocirc;ng thường nhưng với một sản phẩm gi&aacute; rẻ th&igrave; điều n&agrave;y ho&agrave;n to&agrave;n c&oacute; thể chấp nhận được.</p>\r\n\r\n<b>Camera chất lượng tốt</b>\r\n\r\n<p>Về khả năng nhiếp ảnh, Redmi 9A được trang bị camera sau 13 MP hỗ trợ đ&egrave;n flash LED, trong khi mặt trước l&agrave; m&aacute;y ảnh selfie 5 MP.</p>\r\n\r\n<p>Cả camera trước v&agrave; sau tr&ecirc;n Redmi 9A được quảng c&aacute;o l&agrave; c&oacute; t&iacute;ch hợp tr&iacute; tuệ nh&acirc;n tạo, hứa hẹn sẽ mang đến chất lượng h&igrave;nh ảnh đ&aacute;ng kinh ngạc trong ph&acirc;n kh&uacute;c điện thoại gi&aacute; rẻ.</p>\r\n\r\n<p>Hơn thế nữa, camera trước của m&aacute;y c&ograve;n được t&iacute;ch hợp nhiều t&iacute;nh năng l&agrave;m đẹp th&ocirc;ng minh gi&uacute;p người d&ugrave;ng tự tin selfie, livestream hay gọi video Facetime cho người th&acirc;n v&agrave; gia đ&igrave;nh với chất lượng tốt.&nbsp;</p>\r\n\r\n<b>Hiệu năng được tối ưu tr&ecirc;n d&ograve;ng điện thoại gi&aacute; rẻ</b>\r\n\r\n<p>B&ecirc;n trong, sức mạnh xử l&yacute; của m&aacute;y được cung cấp bởi con chip MediaTek Helio G25 với 8 nh&acirc;n v&agrave; tốc độ 2.0 GHz, đi k&egrave;m dung lượng&nbsp;<a href=\"https://www.thegioididong.com/dtdd-ram-2gb\" target=\"_blank\">RAM 2 GB</a>, c&oacute;&nbsp;<a href=\"https://www.thegioididong.com/dtdd-rom-32gb\" target=\"_blank\">bộ nhớ trong 32 GB</a>, người d&ugrave;ng c&oacute; thể mở rộng th&ocirc;ng qua thẻ nhớ ngo&agrave;i MicroSD với dung lượng lưu trữ l&ecirc;n tới 512 GB.</p>\r\n\r\n<p>Đ&acirc;y l&agrave; d&ograve;ng chip được MediaTek tối ưu hiệu năng chơi game cho c&aacute;c d&ograve;ng điện thoại gi&aacute; rẻ với chip đồ họa GPU PowerVR GE8320 v&agrave; được sản xuất tr&ecirc;n tiến tr&igrave;nh 12nm hiện đại, tuy nhi&ecirc;n khi đo AnTuTu ngẫu nhi&ecirc;n th&igrave; điểm ở mức hơn 90 ng&agrave;n, vậy n&ecirc;n n&oacute; sẽ gi&uacute;p&nbsp;<a href=\"https://www.thegioididong.com/dtdd-choi-game\" target=\"_blank\">điện thoại chơi game</a>&nbsp;mượt ở c&aacute;c tựa game nhẹ như Subway Surfers hay Bắn Trứng,...</p>\r\n\r\n<p>Hơn thế nữa, vi xử l&yacute; n&agrave;y c&ograve;n được trang bị c&ocirc;ng nghệ HyperEngine cho ph&eacute;p quản trị hiệu năng tốt hơn đồng thời cũng cho ph&eacute;p m&aacute;y c&oacute; khả năng chuyển đổi mạng linh hoạt giữa mạng Wifi v&agrave; mạng 4G LTE đảm bảo để người d&ugrave;ng c&oacute; những trải nghiệm chơi game ho&agrave;n hảo nhất.</p>\r\n\r\n<p>Redmi 9A được c&agrave;i đặt sẵn&nbsp;<a href=\"https://www.thegioididong.com/hoi-dap/android-10-android-q-la-gi-co-gi-moi-1237224\" target=\"_blank\">hệ điều h&agrave;nh Android 10</a>&nbsp;tr&ecirc;n giao diện MIUI 11 với giao diện đẹp mắt c&ugrave;ng nhiều t&ugrave;y biến th&ocirc;ng minh, n&acirc;ng cao trải nghiệm sử dụng của người d&ugrave;ng.</p>\r\n\r\n<p>Cuối c&ugrave;ng Redmi 9A được trang bị vi&ecirc;n pin &ldquo;khủng&rdquo; 5000 mAh đảm bảo m&aacute;y c&oacute; thể sử dụng l&ecirc;n tới ng&agrave;y thứ hai với c&aacute;c t&aacute;c vụ th&ocirc;ng thường như đọc b&aacute;o, chơi game, xem Youtube,...</p>\r\n', '2000000', '2022-11-23 09:17:43'),
('x-redmi-no', 'Xiaomi Redmi Note 10 5G 8GB', '1669194380-product-xiaomi-redmi-note-10-5g-xanh-bong-dem-1-600x600.jpg', '10', 'Điện thoại', 'Xiaomi', '<b><a href=\"https://www.thegioididong.com/dtdd/xiaomi-redmi-note-10-5g\" target=\"_blank\">Redmi Note 10 5G</a>&nbsp;một trong những mẫu&nbsp;<a href=\"https://www.thegioididong.com/dtdd\" target=\"_blank\">điện thoại</a>&nbsp;thuộc series&nbsp;<a href=\"https://www.thegioididong.com/dtdd/xiaomi-redmi-note-10\" target=\"_blank\">Redmi Note 10</a>&nbsp;của&nbsp;<a href=\"https://www.thegioididong.com/dtdd-xiaomi\" target=\"_blank\">Xiaomi</a>, kh&ocirc;ng chỉ sở hữu hiệu năng mạnh mẽ đ&aacute;p ứng tốt nhu cầu&nbsp;<a href=\"https://www.thegioididong.com/dtdd-choi-game\" target=\"_blank\">chơi game</a>, đ&acirc;y c&ograve;n l&agrave; chiếc điện thoại c&oacute; hỗ trợ mạng 5G cho tốc độ kết nối nhanh ch&oacute;ng.</b>\r\n\r\n<b>Cấu h&igrave;nh mạnh tối ưu cho nhu cầu chơi game</b>\r\n\r\n<p>Redmi Note 10 5G trang bị vi xử l&yacute; 8 nh&acirc;n Dimensity 700 của MediaTek sản xuất tr&ecirc;n tiến tr&igrave;nh 7 nm ti&ecirc;n tiến, hứa hẹn hiệu năng mạnh mẽ cho mọi t&aacute;c vụ h&agrave;ng ng&agrave;y nhanh ch&oacute;ng hơn.</p>\r\n\r\n<p>Được biết đ&acirc;y l&agrave; d&ograve;ng chip được tối ưu cho nhu cầu chơi game. V&igrave; thế, smartphone tầm trung của Xiaomi ho&agrave;n to&agrave;n đảm đương ổn định c&aacute;c tựa game hiện nay một c&aacute;ch mượt m&agrave;.</p>\r\n\r\n<p>Với&nbsp;<a href=\"https://www.thegioididong.com/dtdd-ram-8gb\">8&nbsp;GB RAM</a>&nbsp;v&agrave;&nbsp;<a href=\"https://www.thegioididong.com/dtdd-rom-128gb\" target=\"_blank\">128 GB</a>&nbsp;bộ nhớ trong, Redmi Note 10 5G đ&aacute;p ứng ở mức ổn khả năng đa nhiệm v&agrave; cung cấp kh&ocirc;ng gian lưu trữ lớn gi&uacute;p bạn thỏa sức lưu trữ dữ liệu.</p>\r\n\r\n<p>T&iacute;ch hợp modem 5G, với tốc độ kết nối vượt xa 4G, truy cập mạng nhanh ch&oacute;ng hơn ở bất kỳ đ&acirc;u, hỗ trợ 2 chế độ SA/NSA v&agrave; bố tr&iacute; dải anten th&ocirc;ng minh gi&uacute;p cho smartphone 5G của Xiaomi c&oacute; thể thu s&oacute;ng tốt trong điều kiện mạng k&eacute;m, chập chờn.</p>\r\n\r\n<b>M&agrave;n h&igrave;nh si&ecirc;u lớn, tần số 90 Hz mượt m&agrave;</b>\r\n\r\n<p>Redmi Note 10 5G sở hữu m&agrave;n h&igrave;nh&nbsp;<a href=\"https://www.thegioididong.com/dtdd-man-hinh-tran-vien\" target=\"_blank\">tr&agrave;n viền</a>&nbsp;với phần &ldquo;nốt ruồi&rdquo; chứa camera selfie, k&iacute;ch thước 6.5 inch v&ocirc; c&ugrave;ng rộng r&atilde;i, để bạn thoải m&aacute;i sử dụng hay chơi game.</p>\r\n\r\n<p>Độ ph&acirc;n giải Full HD+ đảm bảo cho c&aacute;c chi tiết hiển thị sắc n&eacute;t tr&ecirc;n m&agrave;n h&igrave;nh lớn, tấm nền IPS LCD giữ cho m&agrave;u sắc lu&ocirc;n tươi tắn từ nhiều g&oacute;c nh&igrave;n kh&aacute;c nhau.</p>\r\n\r\n<p>Đặc biệt với tần số qu&eacute;t đạt 90 Hz, bạn c&oacute; thể nhận r&otilde; được sự mượt m&agrave; đ&aacute;ng kể đến hiệu ứng chuyển cảnh mỗi khi vuốt chạm, n&acirc;ng cấp trải nghiệm xem phim hay chơi game của bạn.</p>\r\n', '5290000', '2022-11-23 09:18:16'),
('xiaomi-12t', ' Xiaomi 12T Pro 5G', '1669193539-product-Galaxy-S22-Black-600x600.jpg', '8', 'Điện thoại', 'Xiaomi', '<b>Cuối c&ugrave;ng&nbsp;<a href=\"https://www.thegioididong.com/dtdd/xiaomi-12t-pro\" target=\"_blank\">Xiaomi 12T Pro 5G</a>&nbsp;cũng đ&atilde; ch&iacute;nh thức lộ diện tr&ecirc;n thị trường sau h&agrave;ng loạt th&ocirc;ng tin r&ograve; rỉ về th&ocirc;ng số, đ&uacute;ng như dự đo&aacute;n th&igrave; độ ph&acirc;n giải tr&ecirc;n camera của phi&ecirc;n bản n&agrave;y được nh&agrave; sản xuất n&acirc;ng cấp l&ecirc;n đến 200 MP, gi&uacute;p m&aacute;y trở th&agrave;nh thiết bị c&oacute; khả năng ghi h&igrave;nh sắc n&eacute;t thuộc top đầu giới smartphone, đi k&egrave;m với đ&oacute; l&agrave; m&agrave;n h&igrave;nh chất lượng c&ugrave;ng bộ vi xử l&yacute; mạnh mẽ xứng tầm flagship.</b>\r\n\r\n<b>Tạo h&igrave;nh cao cấp sang trọng</b>\r\n\r\n<p>Lần ra mắt n&agrave;y nh&agrave; Xiaomi mang đến cho ch&uacute;ng ta một chiếc&nbsp;<a href=\"https://www.thegioididong.com/dtdd\" target=\"_blank\">điện thoại</a>&nbsp;c&oacute; thiết kế quen thuộc, hai cạnh b&ecirc;n được l&agrave;m bo cong &ocirc;m về ph&iacute;a trước c&ugrave;ng c&aacute;ch bố tr&iacute; cụm camera tr&ocirc;ng kh&aacute; vu&ocirc;ng vắn, đ&acirc;y được xem l&agrave; lối tạo h&igrave;nh cực kỳ th&agrave;nh c&ocirc;ng từ thế hệ trước.</p>\r\n\r\n<p>M&igrave;nh l&agrave; người thường xuy&ecirc;n sử dụng điện thoại n&ecirc;n thiết kế bo cong n&agrave;y l&agrave;m m&igrave;nh cực kỳ ưng &yacute;, mỗi khi cầm chặt hay sử dụng điện thoại trong thời gian d&agrave;i th&igrave; việc cấn tay gần như kh&ocirc;ng xảy ra trong qu&aacute; tr&igrave;nh m&igrave;nh trải nghiệm.</p>\r\n\r\n<p>C&oacute; hai sự kh&aacute;c biệt r&otilde; rệt m&agrave; m&igrave;nh nhận thấy khi so Xiaomi 12T với&nbsp;<a href=\"https://www.thegioididong.com/dtdd/xiaomi-12-pro\" target=\"_blank\">Xiaomi 12 Pro</a>&nbsp;l&agrave; về phần cụm camera v&agrave; kiểu thiết kế m&agrave;n h&igrave;nh. Đầu ti&ecirc;n l&agrave; lớp bảo vệ ống k&iacute;nh camera ch&iacute;nh giờ đ&acirc;y đ&atilde; được l&agrave;m theo kiểu &ocirc; vu&ocirc;ng thay v&igrave; h&igrave;nh tr&ograve;n, đ&acirc;y chắc hẳn l&agrave; c&aacute;ch m&agrave; nh&agrave; sản xuất cố t&igrave;nh tạo ra để người d&ugrave;ng c&oacute; thể dễ d&agrave;ng ph&acirc;n biệt.</p>\r\n\r\n<p>Điểm tiếp theo l&agrave; phần m&agrave;n h&igrave;nh, như tr&ecirc;n Xiaomi 12 Pro th&igrave; m&agrave;n h&igrave;nh sẽ c&oacute; tạo h&igrave;nh bo cong nhưng đối với phi&ecirc;n bản n&agrave;y th&igrave; m&aacute;y đ&atilde; được v&aacute;t phẳng tr&ocirc;ng kh&aacute; tinh tế, tại vị tr&iacute; r&igrave;a m&agrave;n h&igrave;nh cũng sẽ dễ nh&igrave;n hơn khi sử dụng ở ngo&agrave;i trời, khắc phục được nhược điểm ở m&agrave;n h&igrave;nh cong tr&ecirc;n Xiaomi 12 Pro.</p>\r\n\r\n<p>Mặt lưng của 12T Pro l&agrave;m từ vật liệu k&iacute;nh v&agrave; ho&agrave;n thiện bằng một lớp nh&aacute;m nhẹ b&ecirc;n tr&ecirc;n, kh&ocirc;ng chỉ mang lại khả năng hạn chế b&aacute;m dấu v&acirc;n tay m&agrave; mặt lưng n&agrave;y c&ograve;n gi&uacute;p cho điện thoại c&oacute; thể giảm thiểu được những vết xước nhẹ trong qu&aacute; tr&igrave;nh sử dụng.</p>\r\n\r\n<b>N&acirc;ng tầm chụp ảnh với bộ ống k&iacute;nh si&ecirc;u độ ph&acirc;n giải</b>\r\n\r\n<p>T&iacute;nh đến thời điểm ra mắt v&agrave;o th&aacute;ng 10/2022, th&igrave; chưa từng c&oacute; chiếc điện thoại n&agrave;o được kinh doanh ch&iacute;nh h&atilde;ng tại Việt Nam c&oacute; thể vượt qua Xiaomi 12T Pro về th&ocirc;ng số camera, m&igrave;nh kh&aacute; l&agrave; cho&aacute;ng ngợp khi biết lần n&agrave;y Xiaomi đ&atilde; c&oacute; thể n&acirc;ng cấp camera ch&iacute;nh với độ ph&acirc;n giải l&ecirc;n đến 200 MP.</p>\r\n\r\n<p>&nbsp;</p>\r\n', '16990000', '2022-11-23 09:19:38');

-- --------------------------------------------------------

--
-- Cấu trúc bảng cho bảng `thong_tin_chi_tiet`
--

CREATE TABLE `thong_tin_chi_tiet` (
  `id` int(10) NOT NULL,
  `ma_san_pham` varchar(10) COLLATE utf8mb4_unicode_ci NOT NULL,
  `cau_hinh` varchar(256) COLLATE utf8mb4_unicode_ci NOT NULL,
  `cam_truoc` varchar(256) COLLATE utf8mb4_unicode_ci NOT NULL,
  `cam_sau` varchar(256) COLLATE utf8mb4_unicode_ci NOT NULL,
  `ram` varchar(20) COLLATE utf8mb4_unicode_ci NOT NULL,
  `dung_luong` varchar(10) COLLATE utf8mb4_unicode_ci NOT NULL,
  `giam_gia` varchar(20) COLLATE utf8mb4_unicode_ci NOT NULL,
  `create_at` timestamp NOT NULL DEFAULT current_timestamp() ON UPDATE current_timestamp()
) ENGINE=InnoDB DEFAULT CHARSET=utf8mb4 COLLATE=utf8mb4_unicode_ci;

--
-- Đang đổ dữ liệu cho bảng `thong_tin_chi_tiet`
--

INSERT INTO `thong_tin_chi_tiet` (`id`, `ma_san_pham`, `cau_hinh`, `cam_truoc`, `cam_sau`, `ram`, `dung_luong`, `giam_gia`, `create_at`) VALUES
(4, 'SP001', 'OLED6.1', '12 MP', '2 camera 12 MP', 'Apple A15 Bionic', '128 GB ', '0', '2022-10-28 14:49:35'),
(5, 'SP002', 'OLED6.1\"Super Retina XDR', '12 MP', '2 camera 12 MP', 'Apple A14 Bionic', '256 GB', '500000', '2022-10-28 14:49:35'),
(6, 'SP003', 'HDR10 +, Dolby Vision, Độ sáng tối đa: 1500nit, Corning Gorilla Glass Victus', '32 MP', ' 50 MP, f/1.9, Dual Pixel PDAF, OIS Camera tele: 50 MP, f/1.9, PDAF,', 'Qualcomm SM8450 Snap', '256  GB', '0', '2022-10-28 14:49:35'),
(7, 'SP004', 'Dynamic AMOLED 2X6.8', '40 MP', 'Chính 108 MP & Phụ 12 MP, 10 MP, 10 MP', 'Snapdragon 8 Gen 1', '256  GB', '0', '2022-10-28 14:49:35'),
(9, 'SP010', 'AMOLED6.43\"Full HD+', '32 MP', 'Chính 64 MP & Phụ 2 MP, 2 MP', 'Snapdragon 680', '128  GB', '3000000', '2022-10-28 14:49:35'),
(10, 'SP005', 'Dynamic AMOLED 2X6.8', '40 MP', 'Chính 108 MP & Phụ 12 MP, 10 MP, 10 MP', 'Exynos 2100', '128 GB', '0', '2022-10-28 14:49:35'),
(12, 'SP012', 'IPS LCD6.52\"HD+', '5 MP', 'Chính 8MP & Phụ QVGA', 'MediaTek MT6761 (Hel', '32  GB', '500000', '2022-10-28 14:49:35'),
(13, 'SP013', 'Super AMOLED6.5\"Full HD+', '32 MP', 'Chính 64 MP & Phụ 12 MP, 5 MP, 5 MP', 'Exynos 1280', '128 GB', '500000', '2022-10-28 14:49:35'),
(14, 'SP014', 'PLS TFT LCD6.6', '8 MP', 'Chính 50 MP & Phụ 5 MP, 2 MP, 2 M', 'Snapdragon 680', '128  GB', '0', '2022-10-28 14:49:35'),
(15, 'SP016', 'AMOLED 6.44', '50 MP', 'Chính 64 MP & Phụ 8 MP, 2 MP', 'MediaTek Dimensity 9', '128 GB', '0', '2022-10-28 14:49:35'),
(16, 'SP020', 'AMOLED6.78', '32 MP', 'Chính 50 MP & Phụ 12 MP, 12 MP', 'MediaTek Dimensity 9', '256 GB', '0', '2022-10-28 14:49:35'),
(17, 'SP019', 'Chính: Dynamic AMOLED 2X, Phụ: Super AMOLEDChính 6.7', '10 MP', '2 camera 12 MP', 'Snapdragon 8+ Gen 1', '256 GB', '0', '2022-10-28 14:49:35'),
(18, 'SP018', 'Dynamic AMOLED 2XChính 7.6', '10 MP & 4 MP', '3 camera 12 MP', 'Snapdragon 888', '256 GB', '0', '2022-10-28 14:49:35'),
(19, 'SP017', 'AMOLED 6.7', '32 MP', 'Chính 50 MP & Phụ 8 MP, 2 MP', 'MediaTek Dimensity 8', '256 GB', '0', '2022-10-28 14:49:35'),
(20, 'SP007', 'TFT LCD6.51\"HD+', '8 MP', 'Chính 50 MP & Phụ 2 MP', 'Unisoc T606', '32 GB', '1000000', '2022-10-28 14:49:35'),
(21, 'SP006', ' 6.43 inch, AMOLED, FHD+, 1080 x 2400 Pixels', '13.0 MP', '50.0 MP + 8.0 MP + 2.0 MP + 2.0 MP', 'Snapdragon 680', '64 GB', '0', '2022-10-28 14:49:35'),
(22, 'SP009', '6.43 inch, AMOLED, FHD+, 1080 x 2400 Pixels', '16.0 MP', '8.0 MP + 2.0 MP + 2.0 MP', 'Helio P95', '128 GB', '500000', '2022-10-28 14:49:35'),
(23, 'SP008', '6.52 inch, IPS LCD, HD+, 720 x 1600 Pixels', '5.0 MP', '13.0 MP + 2.0 MP', 'Spreadtrum SC9863A', '32 GB', '500000', '2022-10-28 14:49:35'),
(25, 'SP022', '6.1 inch, OLED, Super Retina XDR, 2532 x 1170 Pixels', '12.0 MP', '12.0 MP + 12.0 MP', 'Apple A14 Bionic', '128 GB', '1000', '2022-10-28 14:49:35'),
(26, 'SP015', 'Super AMOLED6.4', '13 MP', 'Chính 48 MP & Phụ 8 MP, 5 MP, 2 MP', 'Exynos 1280', '128 GB', '0', '2022-10-28 14:50:57'),
(29, 'realme-c11', 'realme-c11', '5 MP', '8 MP', 'Spreadtrum SC9863A', '2', '', '2022-11-23 08:48:57'),
(30, 'samsung-ga', 'samsung-ga', '10 MP', 'Chính 50 MP & Phụ 12 MP, 10 MP', 'Snapdragon 8 Gen 1', '128', '', '2022-11-23 08:51:04'),
(31, 'xiaomi-12t', 'xiaomi-12t', '20 MP', 'Chính 200 MP & Phụ 8 MP, 2 MP', 'Snapdragon 8+ Gen 1', '256', '', '2022-11-23 08:52:48'),
(32, 'oppo-reno6', 'oppo-reno6', '32 MP', 'Chính 64 MP & Phụ 8 MP, 2 MP', 'MediaTek Dimensity 9', '128', '', '2022-11-23 08:54:53'),
(33, 'SP011', 'SP011', '12 MP', '2 camera 12 MP', 'Apple A13 Bionic', '258', '', '2022-11-23 08:55:45'),
(34, 'vivo-v23e', 'vivo-v23e', '50 MP', 'Chính 64 MP & Phụ 8 MP, 2 MP', 'MediaTek Helio G96', '128', '', '2022-11-23 08:58:01'),
(35, 'oppo-a96-4', 'oppo-a96-4', '16 MP', 'Chính 50 MP & Phụ 2 MP', 'Snapdragon 680', '128 GB', '', '2022-11-23 09:00:14'),
(36, 'vivo-y35-2', 'vivo-y35-2', '16 MP', 'Chính 50 MP & Phụ 2 MP, 2 MP', 'Snapdragon 680', '128 GB', '', '2022-11-23 09:01:54'),
(37, 'ss-galaxy-', 'ss-galaxy-', '13 MP', 'Chính 48 MP & Phụ 8 MP, 2 MP, 2 MP', 'MediaTek MT6769V (He', '128 GB', '', '2022-11-23 09:04:49'),
(38, 'x-redmi-no', 'x-redmi-no', '8 MP', 'Chính 48 MP & Phụ 2 MP, 2 MP', 'MediaTek Dimensity 7', '128 GB', '', '2022-11-23 09:06:46'),
(39, 'x-redmi-9a', 'x-redmi-9a', '5 MP', '13 MP', 'MediaTek Helio G25', '32 GB', '', '2022-11-23 09:11:15'),
(40, 'oppo-a17k', 'oppo-a17k', '8 MP', '8 MP', 'MediaTek Helio G35', '64 GB', '', '2022-11-23 09:12:46');

--
-- Chỉ mục cho các bảng đã đổ
--

--
-- Chỉ mục cho bảng `accounts`
--
ALTER TABLE `accounts`
  ADD PRIMARY KEY (`username`);

--
-- Chỉ mục cho bảng `admin_system`
--
ALTER TABLE `admin_system`
  ADD PRIMARY KEY (`username_admin`);

--
-- Chỉ mục cho bảng `bang_hieu`
--
ALTER TABLE `bang_hieu`
  ADD PRIMARY KEY (`id`);

--
-- Chỉ mục cho bảng `chi_tiet_don_hang`
--
ALTER TABLE `chi_tiet_don_hang`
  ADD PRIMARY KEY (`idCT`),
  ADD KEY `ma_san_pham` (`ma_san_pham`),
  ADD KEY `ma_don_hang` (`ma_don_hang`);

--
-- Chỉ mục cho bảng `don_hang`
--
ALTER TABLE `don_hang`
  ADD PRIMARY KEY (`ma_don_hang`);

--
-- Chỉ mục cho bảng `kieu`
--
ALTER TABLE `kieu`
  ADD PRIMARY KEY (`id_kieu`);

--
-- Chỉ mục cho bảng `nhan_hieu`
--
ALTER TABLE `nhan_hieu`
  ADD PRIMARY KEY (`ten_nhan_hieu`);

--
-- Chỉ mục cho bảng `san_pham`
--
ALTER TABLE `san_pham`
  ADD PRIMARY KEY (`ma_san_pham`),
  ADD KEY `id_kieu` (`id_kieu`),
  ADD KEY `ten_nhan_hieu` (`ten_nhan_hieu`);

--
-- Chỉ mục cho bảng `thong_tin_chi_tiet`
--
ALTER TABLE `thong_tin_chi_tiet`
  ADD PRIMARY KEY (`id`),
  ADD KEY `ma_san_pham` (`ma_san_pham`);

--
-- AUTO_INCREMENT cho các bảng đã đổ
--

--
-- AUTO_INCREMENT cho bảng `bang_hieu`
--
ALTER TABLE `bang_hieu`
  MODIFY `id` int(10) NOT NULL AUTO_INCREMENT;

--
-- AUTO_INCREMENT cho bảng `chi_tiet_don_hang`
--
ALTER TABLE `chi_tiet_don_hang`
  MODIFY `idCT` int(11) NOT NULL AUTO_INCREMENT, AUTO_INCREMENT=34;

--
-- AUTO_INCREMENT cho bảng `thong_tin_chi_tiet`
--
ALTER TABLE `thong_tin_chi_tiet`
  MODIFY `id` int(10) NOT NULL AUTO_INCREMENT, AUTO_INCREMENT=41;

--
-- Các ràng buộc cho các bảng đã đổ
--

--
-- Các ràng buộc cho bảng `chi_tiet_don_hang`
--
ALTER TABLE `chi_tiet_don_hang`
  ADD CONSTRAINT `chi_tiet_don_hang_ibfk_2` FOREIGN KEY (`ma_san_pham`) REFERENCES `san_pham` (`ma_san_pham`),
  ADD CONSTRAINT `chi_tiet_don_hang_ibfk_3` FOREIGN KEY (`ma_don_hang`) REFERENCES `don_hang` (`ma_don_hang`);

--
-- Các ràng buộc cho bảng `san_pham`
--
ALTER TABLE `san_pham`
  ADD CONSTRAINT `san_pham_ibfk_1` FOREIGN KEY (`id_kieu`) REFERENCES `kieu` (`id_kieu`),
  ADD CONSTRAINT `san_pham_ibfk_2` FOREIGN KEY (`ten_nhan_hieu`) REFERENCES `nhan_hieu` (`ten_nhan_hieu`);
COMMIT;

/*!40101 SET CHARACTER_SET_CLIENT=@OLD_CHARACTER_SET_CLIENT */;
/*!40101 SET CHARACTER_SET_RESULTS=@OLD_CHARACTER_SET_RESULTS */;
/*!40101 SET COLLATION_CONNECTION=@OLD_COLLATION_CONNECTION */;
